{
"type": "FeatureCollection",
"name": "tramites_reales",
"crs": { "type": "name", "properties": { "name": "urn:ogc:def:crs:OGC:1.3:CRS84" } },
"features": [
{ "type": "Feature", "properties": { "id_tramite": "1", "tipo_tramite": "IPRUS", "fecha_ingreso": "2026-05-12", "fecha_ingreso_original": "12-05-2026", "calidad_fecha": "OK", "plataforma": "M", "parroquia": "Riobamba", "estado": "SIN DATO", "clave_catastral": "SIN DATO", "numero_tramite": "1165210", "OBJECTID": 1, "CODIGO": 3, "ORIG_FID": 0, "fuente_inf": null, "valor_unid": 0.0, "unidad_are": null, "actualizad": null, "fecha_actu": null }, "geometry": { "type": "Point", "coordinates": [ -78.641983401014002, -1.664460102918182 ] } },
{ "type": "Feature", "properties": { "id_tramite": "2", "tipo_tramite": "IPRUS", "fecha_ingreso": "2026-05-12", "fecha_ingreso_original": "12-05-2026", "calidad_fecha": "OK", "plataforma": "M", "parroquia": "Riobamba", "estado": "SIN DATO", "clave_catastral": "SIN DATO", "numero_tramite": "1165210", "OBJECTID": 2, "CODIGO": 4, "ORIG_FID": 1, "fuente_inf": null, "valor_unid": 0.0, "unidad_are": null, "actualizad": null, "fecha_actu": null }, "geometry": { "type": "Point", "coordinates": [ -78.641983401014002, -1.664460102918182 ] } },
{ "type": "Feature", "properties": { "id_tramite": "3", "tipo_tramite": "IPRUS", "fecha_ingreso": "2026-05-12", "fecha_ingreso_original": "12-05-2026", "calidad_fecha": "OK", "plataforma": "O", "parroquia": "Riobamba", "estado": "SIN DATO", "clave_catastral": "SIN DATO", "numero_tramite": "1165298", "OBJECTID": 3, "CODIGO": 5, "ORIG_FID": 2, "fuente_inf": null, "valor_unid": 0.0, "unidad_are": null, "actualizad": null, "fecha_actu": null }, "geometry": { "type": "Point", "coordinates": [ -78.634378769354768, -1.67411330192819 ] } },
{ "type": "Feature", "properties": { "id_tramite": "4", "tipo_tramite": "IPRUS", "fecha_ingreso": "2026-05-12", "fecha_ingreso_original": "12/05/2026", "calidad_fecha": "OK", "plataforma": "O", "parroquia": "Riobamba", "estado": "SIN DATO", "clave_catastral": "SIN DATO", "numero_tramite": "11655308", "OBJECTID": 4, "CODIGO": 6, "ORIG_FID": 3, "fuente_inf": null, "valor_unid": 0.0, "unidad_are": null, "actualizad": null, "fecha_actu": null }, "geometry": { "type": "Point", "coordinates": [ -78.637400572606182, -1.665789767397103 ] } },
{ "type": "Feature", "properties": { "id_tramite": "5", "tipo_tramite": "IPRUS", "fecha_ingreso": "2026-05-12", "fecha_ingreso_original": "12-05-2026", "calidad_fecha": "OK", "plataforma": "O", "parroquia": "Riobamba", "estado": "SIN DATO", "clave_catastral": "SIN DATO", "numero_tramite": "1165368", "OBJECTID": 5, "CODIGO": 8, "ORIG_FID": 4, "fuente_inf": null, "valor_unid": 0.0, "unidad_are": null, "actualizad": null, "fecha_actu": null }, "geometry": { "type": "Point", "coordinates": [ -78.641701096691236, -1.669823386912344 ] } },
{ "type": "Feature", "properties": { "id_tramite": "6", "tipo_tramite": "IPRUS", "fecha_ingreso": "2026-05-12", "fecha_ingreso_original": "12-05-2026", "calidad_fecha": "OK", "plataforma": "O", "parroquia": "Riobamba", "estado": "SIN DATO", "clave_catastral": "SIN DATO", "numero_tramite": "1165368", "OBJECTID": 6, "CODIGO": 9, "ORIG_FID": 5, "fuente_inf": null, "valor_unid": 0.0, "unidad_are": null, "actualizad": null, "fecha_actu": null }, "geometry": { "type": "Point", "coordinates": [ -78.641701096691236, -1.669823386912344 ] } },
{ "type": "Feature", "properties": { "id_tramite": "7", "tipo_tramite": "IPRUS", "fecha_ingreso": "2026-05-12", "fecha_ingreso_original": "12-05-2026", "calidad_fecha": "OK", "plataforma": "M", "parroquia": "Riobamba", "estado": "SIN DATO", "clave_catastral": "SIN DATO", "numero_tramite": "1165516", "OBJECTID": 7, "CODIGO": 10, "ORIG_FID": 6, "fuente_inf": null, "valor_unid": 0.0, "unidad_are": null, "actualizad": null, "fecha_actu": null }, "geometry": { "type": "Point", "coordinates": [ -78.644084831907463, -1.663563857484357 ] } },
{ "type": "Feature", "properties": { "id_tramite": "8", "tipo_tramite": "IPRUS", "fecha_ingreso": "2026-05-13", "fecha_ingreso_original": "13-05-2026", "calidad_fecha": "OK", "plataforma": "I", "parroquia": "Riobamba", "estado": "SIN DATO", "clave_catastral": "SIN DATO", "numero_tramite": "1165996", "OBJECTID": 8, "CODIGO": 11, "ORIG_FID": 7, "fuente_inf": null, "valor_unid": 0.0, "unidad_are": null, "actualizad": null, "fecha_actu": null }, "geometry": { "type": "Point", "coordinates": [ -78.661734555850103, -1.658304500302517 ] } },
{ "type": "Feature", "properties": { "id_tramite": "9", "tipo_tramite": "IPRUS", "fecha_ingreso": "2026-05-13", "fecha_ingreso_original": "13-05-2026", "calidad_fecha": "OK", "plataforma": "I", "parroquia": "Riobamba", "estado": "SIN DATO", "clave_catastral": "SIN DATO", "numero_tramite": "1165998", "OBJECTID": 9, "CODIGO": 15, "ORIG_FID": 8, "fuente_inf": null, "valor_unid": 0.0, "unidad_are": null, "actualizad": null, "fecha_actu": null }, "geometry": { "type": "Point", "coordinates": [ -78.66173920821484, -1.658211094440356 ] } },
{ "type": "Feature", "properties": { "id_tramite": "10", "tipo_tramite": "IPRUS", "fecha_ingreso": "2026-05-13", "fecha_ingreso_original": "13-05-2026", "calidad_fecha": "OK", "plataforma": "C", "parroquia": "Riobamba", "estado": "SIN DATO", "clave_catastral": "SIN DATO", "numero_tramite": "1166483", "OBJECTID": 10, "CODIGO": 18, "ORIG_FID": 9, "fuente_inf": null, "valor_unid": 0.0, "unidad_are": null, "actualizad": null, "fecha_actu": null }, "geometry": { "type": "Point", "coordinates": [ -78.684712594994423, -1.641171866258378 ] } },
{ "type": "Feature", "properties": { "id_tramite": "11", "tipo_tramite": "EXCEDENTES", "fecha_ingreso": "2026-05-13", "fecha_ingreso_original": "13-05-2026", "calidad_fecha": "OK", "plataforma": "SIN PLATAFORMA", "parroquia": "Riobamba", "estado": "SIN DATO", "clave_catastral": "SIN DATO", "numero_tramite": "1163450", "OBJECTID": 11, "CODIGO": 19, "ORIG_FID": 10, "fuente_inf": null, "valor_unid": 0.0, "unidad_are": null, "actualizad": null, "fecha_actu": null }, "geometry": { "type": "Point", "coordinates": [ -78.660056864481547, -1.687324647270918 ] } },
{ "type": "Feature", "properties": { "id_tramite": "12", "tipo_tramite": "EXCEDENTES", "fecha_ingreso": "2026-05-13", "fecha_ingreso_original": "13-05-2026", "calidad_fecha": "OK", "plataforma": "F", "parroquia": "Riobamba", "estado": "SIN DATO", "clave_catastral": "SIN DATO", "numero_tramite": "1153011", "OBJECTID": 12, "CODIGO": 20, "ORIG_FID": 11, "fuente_inf": null, "valor_unid": 0.0, "unidad_are": null, "actualizad": null, "fecha_actu": null }, "geometry": { "type": "Point", "coordinates": [ -78.670455517174545, -1.650846861247706 ] } },
{ "type": "Feature", "properties": { "id_tramite": "13", "tipo_tramite": "EXCEDENTES", "fecha_ingreso": "2026-05-13", "fecha_ingreso_original": "13-05-2026", "calidad_fecha": "OK", "plataforma": "SIN PLATAFORMA", "parroquia": "Calpi", "estado": "SIN DATO", "clave_catastral": "SIN DATO", "numero_tramite": "1165272", "OBJECTID": 13, "CODIGO": 21, "ORIG_FID": 12, "fuente_inf": null, "valor_unid": 0.0, "unidad_are": null, "actualizad": null, "fecha_actu": null }, "geometry": { "type": "Point", "coordinates": [ -78.745031696666459, -1.646127662031176 ] } },
{ "type": "Feature", "properties": { "id_tramite": "14", "tipo_tramite": "EXCEDENTES", "fecha_ingreso": "2026-05-13", "fecha_ingreso_original": "13-05-2026", "calidad_fecha": "OK", "plataforma": "K", "parroquia": "Riobamba", "estado": "SIN DATO", "clave_catastral": "SIN DATO", "numero_tramite": "1165170", "OBJECTID": 14, "CODIGO": 22, "ORIG_FID": 13, "fuente_inf": null, "valor_unid": 0.0, "unidad_are": null, "actualizad": null, "fecha_actu": null }, "geometry": { "type": "Point", "coordinates": [ -78.650411279935994, -1.667545271363479 ] } },
{ "type": "Feature", "properties": { "id_tramite": "15", "tipo_tramite": "EXCEDENTES", "fecha_ingreso": "2026-05-13", "fecha_ingreso_original": "13-05-2026", "calidad_fecha": "OK", "plataforma": "SIN PLATAFORMA", "parroquia": "San Luis", "estado": "SIN DATO", "clave_catastral": "SIN DATO", "numero_tramite": "1165225", "OBJECTID": 15, "CODIGO": 23, "ORIG_FID": 14, "fuente_inf": null, "valor_unid": 0.0, "unidad_are": null, "actualizad": null, "fecha_actu": null }, "geometry": { "type": "Point", "coordinates": [ -78.641851694863803, -1.693006829694047 ] } },
{ "type": "Feature", "properties": { "id_tramite": "16", "tipo_tramite": "EXCEDENTES", "fecha_ingreso": "2026-05-13", "fecha_ingreso_original": "13-05-2026", "calidad_fecha": "OK", "plataforma": "SIN PLATAFORMA", "parroquia": "Licto", "estado": "SIN DATO", "clave_catastral": "SIN DATO", "numero_tramite": "1165152", "OBJECTID": 16, "CODIGO": 24, "ORIG_FID": 15, "fuente_inf": null, "valor_unid": 0.0, "unidad_are": null, "actualizad": null, "fecha_actu": null }, "geometry": { "type": "Point", "coordinates": [ -78.606157599137902, -1.762717266934263 ] } },
{ "type": "Feature", "properties": { "id_tramite": "17", "tipo_tramite": "EXCEDENTES", "fecha_ingreso": "2026-05-13", "fecha_ingreso_original": "13-05-2026", "calidad_fecha": "OK", "plataforma": "SIN PLATAFORMA", "parroquia": "Punín", "estado": "SIN DATO", "clave_catastral": "SIN DATO", "numero_tramite": "1166657", "OBJECTID": 17, "CODIGO": 25, "ORIG_FID": 16, "fuente_inf": null, "valor_unid": 0.0, "unidad_are": null, "actualizad": null, "fecha_actu": null }, "geometry": { "type": "Point", "coordinates": [ -78.656246707902412, -1.762947807238455 ] } },
{ "type": "Feature", "properties": { "id_tramite": "18", "tipo_tramite": "EXCEDENTES", "fecha_ingreso": "2026-05-13", "fecha_ingreso_original": "13-05-2026", "calidad_fecha": "OK", "plataforma": "K", "parroquia": "Riobamba", "estado": "SIN DATO", "clave_catastral": "SIN DATO", "numero_tramite": "1166192", "OBJECTID": 18, "CODIGO": 26, "ORIG_FID": 17, "fuente_inf": null, "valor_unid": 0.0, "unidad_are": null, "actualizad": null, "fecha_actu": null }, "geometry": { "type": "Point", "coordinates": [ -78.653879813654839, -1.66854370404805 ] } },
{ "type": "Feature", "properties": { "id_tramite": "19", "tipo_tramite": "IPRUS", "fecha_ingreso": "2026-05-13", "fecha_ingreso_original": "13-05-2026", "calidad_fecha": "OK", "plataforma": "SIN PLATAFORMA", "parroquia": "Riobamba", "estado": "SIN DATO", "clave_catastral": "SIN DATO", "numero_tramite": "1166871", "OBJECTID": 19, "CODIGO": 28, "ORIG_FID": 18, "fuente_inf": null, "valor_unid": 0.0, "unidad_are": null, "actualizad": null, "fecha_actu": null }, "geometry": { "type": "Point", "coordinates": [ -78.677249151913912, -1.668724156120257 ] } },
{ "type": "Feature", "properties": { "id_tramite": "20", "tipo_tramite": "IPRUS", "fecha_ingreso": "2026-05-15", "fecha_ingreso_original": "15-05-2026", "calidad_fecha": "OK", "plataforma": "C", "parroquia": "Riobamba", "estado": "SIN DATO", "clave_catastral": "SIN DATO", "numero_tramite": "1167623", "OBJECTID": 20, "CODIGO": 29, "ORIG_FID": 19, "fuente_inf": null, "valor_unid": 0.0, "unidad_are": null, "actualizad": null, "fecha_actu": null }, "geometry": { "type": "Point", "coordinates": [ -78.683015070743423, -1.646614474174216 ] } },
{ "type": "Feature", "properties": { "id_tramite": "21", "tipo_tramite": "IPRUS", "fecha_ingreso": "2026-05-14", "fecha_ingreso_original": "14-05-2026", "calidad_fecha": "OK", "plataforma": "J", "parroquia": "Riobamba", "estado": "SIN DATO", "clave_catastral": "SIN DATO", "numero_tramite": "1167870", "OBJECTID": 21, "CODIGO": 30, "ORIG_FID": 20, "fuente_inf": null, "valor_unid": 0.0, "unidad_are": null, "actualizad": null, "fecha_actu": null }, "geometry": { "type": "Point", "coordinates": [ -78.661956649069893, -1.666952218022065 ] } },
{ "type": "Feature", "properties": { "id_tramite": "22", "tipo_tramite": "EXCEDENTES", "fecha_ingreso": "2026-05-15", "fecha_ingreso_original": "15-05-2026", "calidad_fecha": "OK", "plataforma": "SIN PLATAFORMA", "parroquia": "Licto", "estado": "SIN DATO", "clave_catastral": "SIN DATO", "numero_tramite": "1167544", "OBJECTID": 22, "CODIGO": 31, "ORIG_FID": 21, "fuente_inf": null, "valor_unid": 0.0, "unidad_are": null, "actualizad": null, "fecha_actu": null }, "geometry": { "type": "Point", "coordinates": [ -78.644343057194831, -1.761591066051622 ] } },
{ "type": "Feature", "properties": { "id_tramite": "23", "tipo_tramite": "EXCEDENTES", "fecha_ingreso": "2026-05-15", "fecha_ingreso_original": "15-05-2026", "calidad_fecha": "OK", "plataforma": "SIN PLATAFORMA", "parroquia": "Punín", "estado": "SIN DATO", "clave_catastral": "SIN DATO", "numero_tramite": "1167336", "OBJECTID": 23, "CODIGO": 34, "ORIG_FID": 22, "fuente_inf": null, "valor_unid": 0.0, "unidad_are": null, "actualizad": null, "fecha_actu": null }, "geometry": { "type": "Point", "coordinates": [ -78.655994189766943, -1.763020060962167 ] } },
{ "type": "Feature", "properties": { "id_tramite": "24", "tipo_tramite": "EXCEDENTES", "fecha_ingreso": "2026-05-15", "fecha_ingreso_original": "15-05-2026", "calidad_fecha": "OK", "plataforma": "C", "parroquia": "Riobamba", "estado": "SIN DATO", "clave_catastral": "SIN DATO", "numero_tramite": "1167267", "OBJECTID": 24, "CODIGO": 37, "ORIG_FID": 23, "fuente_inf": null, "valor_unid": 0.0, "unidad_are": null, "actualizad": null, "fecha_actu": null }, "geometry": { "type": "Point", "coordinates": [ -78.688085117283848, -1.637364151231029 ] } },
{ "type": "Feature", "properties": { "id_tramite": "25", "tipo_tramite": "EXCEDENTES", "fecha_ingreso": "2026-05-15", "fecha_ingreso_original": "15-05-2026", "calidad_fecha": "OK", "plataforma": "A", "parroquia": "Riobamba", "estado": "SIN DATO", "clave_catastral": "SIN DATO", "numero_tramite": "1167267", "OBJECTID": 25, "CODIGO": 38, "ORIG_FID": 24, "fuente_inf": null, "valor_unid": 0.0, "unidad_are": null, "actualizad": null, "fecha_actu": null }, "geometry": { "type": "Point", "coordinates": [ -78.68820297454107, -1.636436217539682 ] } },
{ "type": "Feature", "properties": { "id_tramite": "26", "tipo_tramite": "EXCEDENTES", "fecha_ingreso": "2026-05-15", "fecha_ingreso_original": "15-05-2026", "calidad_fecha": "OK", "plataforma": "C", "parroquia": "Riobamba", "estado": "SIN DATO", "clave_catastral": "SIN DATO", "numero_tramite": "1167267", "OBJECTID": 26, "CODIGO": 39, "ORIG_FID": 25, "fuente_inf": null, "valor_unid": 0.0, "unidad_are": null, "actualizad": null, "fecha_actu": null }, "geometry": { "type": "Point", "coordinates": [ -78.686857772783981, -1.637464884256248 ] } },
{ "type": "Feature", "properties": { "id_tramite": "27", "tipo_tramite": "IPRUS", "fecha_ingreso": "2026-05-18", "fecha_ingreso_original": "18-05-2026", "calidad_fecha": "OK", "plataforma": "B", "parroquia": "Riobamba", "estado": "SIN DATO", "clave_catastral": "SIN DATO", "numero_tramite": "1167914", "OBJECTID": 27, "CODIGO": 40, "ORIG_FID": 26, "fuente_inf": null, "valor_unid": 0.0, "unidad_are": null, "actualizad": null, "fecha_actu": null }, "geometry": { "type": "Point", "coordinates": [ -78.672208876254572, -1.640831585605058 ] } },
{ "type": "Feature", "properties": { "id_tramite": "28", "tipo_tramite": "IPRUS", "fecha_ingreso": "2026-05-18", "fecha_ingreso_original": "18-05-2026", "calidad_fecha": "OK", "plataforma": "Q", "parroquia": "Riobamba", "estado": "SIN DATO", "clave_catastral": "SIN DATO", "numero_tramite": "1167942", "OBJECTID": 28, "CODIGO": 41, "ORIG_FID": 27, "fuente_inf": null, "valor_unid": 0.0, "unidad_are": null, "actualizad": null, "fecha_actu": null }, "geometry": { "type": "Point", "coordinates": [ -78.626814035859709, -1.685824648319405 ] } },
{ "type": "Feature", "properties": { "id_tramite": "29", "tipo_tramite": "IPRUS", "fecha_ingreso": "2026-05-18", "fecha_ingreso_original": "18-05-2026", "calidad_fecha": "OK", "plataforma": "Q", "parroquia": "Riobamba", "estado": "SIN DATO", "clave_catastral": "SIN DATO", "numero_tramite": "IPRUS", "OBJECTID": 29, "CODIGO": 42, "ORIG_FID": 28, "fuente_inf": null, "valor_unid": 0.0, "unidad_are": null, "actualizad": null, "fecha_actu": null }, "geometry": { "type": "Point", "coordinates": [ -78.62688884843034, -1.685919062113604 ] } },
{ "type": "Feature", "properties": { "id_tramite": "30", "tipo_tramite": "IPRUS", "fecha_ingreso": "2026-05-18", "fecha_ingreso_original": "18-05-2026", "calidad_fecha": "OK", "plataforma": "Q", "parroquia": "Riobamba", "estado": "SIN DATO", "clave_catastral": "SIN DATO", "numero_tramite": "1167946", "OBJECTID": 30, "CODIGO": 43, "ORIG_FID": 29, "fuente_inf": null, "valor_unid": 0.0, "unidad_are": null, "actualizad": null, "fecha_actu": null }, "geometry": { "type": "Point", "coordinates": [ -78.626999871673348, -1.686057348962808 ] } },
{ "type": "Feature", "properties": { "id_tramite": "31", "tipo_tramite": "IPRUS", "fecha_ingreso": "2026-05-18", "fecha_ingreso_original": "18-05-2026", "calidad_fecha": "OK", "plataforma": "Q", "parroquia": "Riobamba", "estado": "SIN DATO", "clave_catastral": "SIN DATO", "numero_tramite": "1167948", "OBJECTID": 31, "CODIGO": 44, "ORIG_FID": 30, "fuente_inf": null, "valor_unid": 0.0, "unidad_are": null, "actualizad": null, "fecha_actu": null }, "geometry": { "type": "Point", "coordinates": [ -78.626637003009677, -1.685916892779646 ] } },
{ "type": "Feature", "properties": { "id_tramite": "32", "tipo_tramite": "IPRUS", "fecha_ingreso": "2026-05-18", "fecha_ingreso_original": "18-05-2026", "calidad_fecha": "OK", "plataforma": "Ñ", "parroquia": "Riobamba", "estado": "SIN DATO", "clave_catastral": "SIN DATO", "numero_tramite": "1168725", "OBJECTID": 32, "CODIGO": 45, "ORIG_FID": 31, "fuente_inf": null, "valor_unid": 0.0, "unidad_are": null, "actualizad": null, "fecha_actu": null }, "geometry": { "type": "Point", "coordinates": [ -78.653950143903785, -1.682199613549973 ] } },
{ "type": "Feature", "properties": { "id_tramite": "33", "tipo_tramite": "IPRUS", "fecha_ingreso": "2026-05-18", "fecha_ingreso_original": "18-05-2026", "calidad_fecha": "OK", "plataforma": "Ñ", "parroquia": "Riobamba", "estado": "SIN DATO", "clave_catastral": "SIN DATO", "numero_tramite": "1168679", "OBJECTID": 33, "CODIGO": 46, "ORIG_FID": 32, "fuente_inf": null, "valor_unid": 0.0, "unidad_are": null, "actualizad": null, "fecha_actu": null }, "geometry": { "type": "Point", "coordinates": [ -78.654191185450898, -1.681988312261854 ] } },
{ "type": "Feature", "properties": { "id_tramite": "34", "tipo_tramite": "IPRUS", "fecha_ingreso": "2026-05-18", "fecha_ingreso_original": "18-05-2026", "calidad_fecha": "OK", "plataforma": "G", "parroquia": "Riobamba", "estado": "SIN DATO", "clave_catastral": "SIN DATO", "numero_tramite": "1168749", "OBJECTID": 34, "CODIGO": 47, "ORIG_FID": 33, "fuente_inf": null, "valor_unid": 0.0, "unidad_are": null, "actualizad": null, "fecha_actu": null }, "geometry": { "type": "Point", "coordinates": [ -78.672970948291777, -1.645275989555542 ] } },
{ "type": "Feature", "properties": { "id_tramite": "35", "tipo_tramite": "IPRUS", "fecha_ingreso": "2026-05-18", "fecha_ingreso_original": "18-05-2026", "calidad_fecha": "OK", "plataforma": "F", "parroquia": "Riobamba", "estado": "SIN DATO", "clave_catastral": "SIN DATO", "numero_tramite": "IPRUS", "OBJECTID": 35, "CODIGO": 48, "ORIG_FID": 34, "fuente_inf": null, "valor_unid": 0.0, "unidad_are": null, "actualizad": null, "fecha_actu": null }, "geometry": { "type": "Point", "coordinates": [ -78.672339550211859, -1.652358101654111 ] } },
{ "type": "Feature", "properties": { "id_tramite": "36", "tipo_tramite": "IPRUS", "fecha_ingreso": "2026-05-18", "fecha_ingreso_original": "18-05-2026", "calidad_fecha": "OK", "plataforma": "F", "parroquia": "Riobamba", "estado": "SIN DATO", "clave_catastral": "SIN DATO", "numero_tramite": "1169781", "OBJECTID": 36, "CODIGO": 49, "ORIG_FID": 35, "fuente_inf": null, "valor_unid": 0.0, "unidad_are": null, "actualizad": null, "fecha_actu": null }, "geometry": { "type": "Point", "coordinates": [ -78.669474586860602, -1.653253898300742 ] } },
{ "type": "Feature", "properties": { "id_tramite": "37", "tipo_tramite": "IPRUS", "fecha_ingreso": "2026-05-18", "fecha_ingreso_original": "18-05-2026", "calidad_fecha": "OK", "plataforma": "D", "parroquia": "Riobamba", "estado": "SIN DATO", "clave_catastral": "SIN DATO", "numero_tramite": "1169874", "OBJECTID": 37, "CODIGO": 50, "ORIG_FID": 36, "fuente_inf": null, "valor_unid": 0.0, "unidad_are": null, "actualizad": null, "fecha_actu": null }, "geometry": { "type": "Point", "coordinates": [ -78.684084027774972, -1.662408895140111 ] } },
{ "type": "Feature", "properties": { "id_tramite": "38", "tipo_tramite": "EXCEDENTES", "fecha_ingreso": "2026-05-18", "fecha_ingreso_original": "18-05-2026", "calidad_fecha": "OK", "plataforma": "SIN PLATAFORMA", "parroquia": "Licán", "estado": "SIN DATO", "clave_catastral": "SIN DATO", "numero_tramite": "1167884", "OBJECTID": 38, "CODIGO": 51, "ORIG_FID": 37, "fuente_inf": null, "valor_unid": 0.0, "unidad_are": null, "actualizad": null, "fecha_actu": null }, "geometry": { "type": "Point", "coordinates": [ -78.703671526502532, -1.650585359992964 ] } },
{ "type": "Feature", "properties": { "id_tramite": "39", "tipo_tramite": "IPRUS", "fecha_ingreso": "2026-05-19", "fecha_ingreso_original": "19-05-2026", "calidad_fecha": "OK", "plataforma": "G", "parroquia": "Riobamba", "estado": "SIN DATO", "clave_catastral": "SIN DATO", "numero_tramite": "1170031", "OBJECTID": 39, "CODIGO": 52, "ORIG_FID": 38, "fuente_inf": null, "valor_unid": 0.0, "unidad_are": null, "actualizad": null, "fecha_actu": null }, "geometry": { "type": "Point", "coordinates": [ -78.67096134486215, -1.645354610499786 ] } },
{ "type": "Feature", "properties": { "id_tramite": "40", "tipo_tramite": "IPRUS", "fecha_ingreso": "2026-05-19", "fecha_ingreso_original": "19-05-2026", "calidad_fecha": "OK", "plataforma": "D", "parroquia": "Riobamba", "estado": "SIN DATO", "clave_catastral": "SIN DATO", "numero_tramite": "1169935", "OBJECTID": 40, "CODIGO": 53, "ORIG_FID": 39, "fuente_inf": null, "valor_unid": 0.0, "unidad_are": null, "actualizad": null, "fecha_actu": null }, "geometry": { "type": "Point", "coordinates": [ -78.69452393148282, -1.656752583817122 ] } },
{ "type": "Feature", "properties": { "id_tramite": "41", "tipo_tramite": "IPRUS", "fecha_ingreso": "2026-05-19", "fecha_ingreso_original": "19-05-2026", "calidad_fecha": "OK", "plataforma": "L", "parroquia": "Riobamba", "estado": "SIN DATO", "clave_catastral": "SIN DATO", "numero_tramite": "1170034", "OBJECTID": 41, "CODIGO": 54, "ORIG_FID": 40, "fuente_inf": null, "valor_unid": 0.0, "unidad_are": null, "actualizad": null, "fecha_actu": null }, "geometry": { "type": "Point", "coordinates": [ -78.649186286686358, -1.652555661963577 ] } },
{ "type": "Feature", "properties": { "id_tramite": "42", "tipo_tramite": "IPRUS", "fecha_ingreso": "2026-05-19", "fecha_ingreso_original": "19-05-2026", "calidad_fecha": "OK", "plataforma": "J", "parroquia": "Riobamba", "estado": "SIN DATO", "clave_catastral": "SIN DATO", "numero_tramite": "1170063", "OBJECTID": 42, "CODIGO": 55, "ORIG_FID": 41, "fuente_inf": null, "valor_unid": 0.0, "unidad_are": null, "actualizad": null, "fecha_actu": null }, "geometry": { "type": "Point", "coordinates": [ -78.657043006292199, -1.673862876653774 ] } },
{ "type": "Feature", "properties": { "id_tramite": "43", "tipo_tramite": "IPRUS", "fecha_ingreso": "2026-05-19", "fecha_ingreso_original": "19-05-2026", "calidad_fecha": "OK", "plataforma": "F", "parroquia": "Riobamba", "estado": "SIN DATO", "clave_catastral": "SIN DATO", "numero_tramite": "1170193", "OBJECTID": 43, "CODIGO": 56, "ORIG_FID": 42, "fuente_inf": null, "valor_unid": 0.0, "unidad_are": null, "actualizad": null, "fecha_actu": null }, "geometry": { "type": "Point", "coordinates": [ -78.671492679191701, -1.654041243156356 ] } },
{ "type": "Feature", "properties": { "id_tramite": "44", "tipo_tramite": "IPRUS", "fecha_ingreso": "2026-05-19", "fecha_ingreso_original": "19-05-2026", "calidad_fecha": "OK", "plataforma": "F", "parroquia": "Riobamba", "estado": "SIN DATO", "clave_catastral": "SIN DATO", "numero_tramite": "1168433", "OBJECTID": 44, "CODIGO": 57, "ORIG_FID": 43, "fuente_inf": null, "valor_unid": 0.0, "unidad_are": null, "actualizad": null, "fecha_actu": null }, "geometry": { "type": "Point", "coordinates": [ -78.674539720034545, -1.652647461689019 ] } },
{ "type": "Feature", "properties": { "id_tramite": "45", "tipo_tramite": "IPRUS", "fecha_ingreso": "2026-05-20", "fecha_ingreso_original": "20-05-2026", "calidad_fecha": "OK", "plataforma": "L", "parroquia": "Riobamba", "estado": "SIN DATO", "clave_catastral": "SIN DATO", "numero_tramite": "1170503", "OBJECTID": 45, "CODIGO": 58, "ORIG_FID": 44, "fuente_inf": null, "valor_unid": 0.0, "unidad_are": null, "actualizad": null, "fecha_actu": null }, "geometry": { "type": "Point", "coordinates": [ -78.647961510885636, -1.654224309539796 ] } },
{ "type": "Feature", "properties": { "id_tramite": "46", "tipo_tramite": "IPRUS", "fecha_ingreso": "2026-05-20", "fecha_ingreso_original": "20-05-2026", "calidad_fecha": "OK", "plataforma": "K", "parroquia": "Riobamba", "estado": "SIN DATO", "clave_catastral": "SIN DATO", "numero_tramite": "1170958", "OBJECTID": 46, "CODIGO": 59, "ORIG_FID": 45, "fuente_inf": null, "valor_unid": 0.0, "unidad_are": null, "actualizad": null, "fecha_actu": null }, "geometry": { "type": "Point", "coordinates": [ -78.648844473833165, -1.667981181428815 ] } },
{ "type": "Feature", "properties": { "id_tramite": "47", "tipo_tramite": "IPRUS", "fecha_ingreso": "2026-05-20", "fecha_ingreso_original": "20-05-2026", "calidad_fecha": "OK", "plataforma": "G", "parroquia": "Riobamba", "estado": "SIN DATO", "clave_catastral": "SIN DATO", "numero_tramite": "1170984", "OBJECTID": 47, "CODIGO": 60, "ORIG_FID": 46, "fuente_inf": null, "valor_unid": 0.0, "unidad_are": null, "actualizad": null, "fecha_actu": null }, "geometry": { "type": "Point", "coordinates": [ -78.662459668231506, -1.646681207046877 ] } },
{ "type": "Feature", "properties": { "id_tramite": "48", "tipo_tramite": "IPRUS", "fecha_ingreso": "2026-05-20", "fecha_ingreso_original": "20-05-2026", "calidad_fecha": "OK", "plataforma": "G", "parroquia": "Riobamba", "estado": "SIN DATO", "clave_catastral": "SIN DATO", "numero_tramite": "1170984", "OBJECTID": 48, "CODIGO": 61, "ORIG_FID": 47, "fuente_inf": null, "valor_unid": 0.0, "unidad_are": null, "actualizad": null, "fecha_actu": null }, "geometry": { "type": "Point", "coordinates": [ -78.662459668231506, -1.646681207046877 ] } },
{ "type": "Feature", "properties": { "id_tramite": "49", "tipo_tramite": "IPRUS", "fecha_ingreso": "2026-05-20", "fecha_ingreso_original": "20-05-2026", "calidad_fecha": "OK", "plataforma": "D", "parroquia": "Riobamba", "estado": "SIN DATO", "clave_catastral": "SIN DATO", "numero_tramite": "1170977", "OBJECTID": 49, "CODIGO": 62, "ORIG_FID": 48, "fuente_inf": null, "valor_unid": 0.0, "unidad_are": null, "actualizad": null, "fecha_actu": null }, "geometry": { "type": "Point", "coordinates": [ -78.687602284037993, -1.656022841247814 ] } },
{ "type": "Feature", "properties": { "id_tramite": "50", "tipo_tramite": "IPRUS", "fecha_ingreso": "2026-05-20", "fecha_ingreso_original": "20-05-2026", "calidad_fecha": "OK", "plataforma": "M", "parroquia": "Riobamba", "estado": "SIN DATO", "clave_catastral": "SIN DATO", "numero_tramite": "1171111", "OBJECTID": 50, "CODIGO": 63, "ORIG_FID": 49, "fuente_inf": null, "valor_unid": 0.0, "unidad_are": null, "actualizad": null, "fecha_actu": null }, "geometry": { "type": "Point", "coordinates": [ -78.637514744618343, -1.656115472254867 ] } },
{ "type": "Feature", "properties": { "id_tramite": "51", "tipo_tramite": "IPRUS", "fecha_ingreso": "2026-05-20", "fecha_ingreso_original": "20-05-2026", "calidad_fecha": "OK", "plataforma": "C", "parroquia": "Riobamba", "estado": "SIN DATO", "clave_catastral": "SIN DATO", "numero_tramite": "1171153", "OBJECTID": 51, "CODIGO": 64, "ORIG_FID": 50, "fuente_inf": null, "valor_unid": 0.0, "unidad_are": null, "actualizad": null, "fecha_actu": null }, "geometry": { "type": "Point", "coordinates": [ -78.683456320648531, -1.636680367277733 ] } },
{ "type": "Feature", "properties": { "id_tramite": "52", "tipo_tramite": "IPRUS", "fecha_ingreso": "2026-05-20", "fecha_ingreso_original": "20-05-2026", "calidad_fecha": "OK", "plataforma": "SIN PLATAFORMA", "parroquia": "Riobamba", "estado": "SIN DATO", "clave_catastral": "SIN DATO", "numero_tramite": "1171283", "OBJECTID": 52, "CODIGO": 65, "ORIG_FID": 51, "fuente_inf": null, "valor_unid": 0.0, "unidad_are": null, "actualizad": null, "fecha_actu": null }, "geometry": { "type": "Point", "coordinates": [ -78.625390643363616, -1.653660772072586 ] } },
{ "type": "Feature", "properties": { "id_tramite": "53", "tipo_tramite": "EXCEDENTES", "fecha_ingreso": "2026-05-20", "fecha_ingreso_original": "20-05-2026", "calidad_fecha": "OK", "plataforma": "SIN PLATAFORMA", "parroquia": "San Luis", "estado": "SIN DATO", "clave_catastral": "SIN DATO", "numero_tramite": "1170375", "OBJECTID": 53, "CODIGO": 66, "ORIG_FID": 52, "fuente_inf": null, "valor_unid": 0.0, "unidad_are": null, "actualizad": null, "fecha_actu": null }, "geometry": { "type": "Point", "coordinates": [ -78.625810050406685, -1.690828380416298 ] } },
{ "type": "Feature", "properties": { "id_tramite": "54", "tipo_tramite": "IPRUS", "fecha_ingreso": "2026-05-20", "fecha_ingreso_original": "20-05-2026", "calidad_fecha": "OK", "plataforma": "N", "parroquia": "Riobamba", "estado": "SIN DATO", "clave_catastral": "SIN DATO", "numero_tramite": "1171565", "OBJECTID": 54, "CODIGO": 67, "ORIG_FID": 53, "fuente_inf": null, "valor_unid": 0.0, "unidad_are": null, "actualizad": null, "fecha_actu": null }, "geometry": { "type": "Point", "coordinates": [ -78.663662793199677, -1.683524014655475 ] } },
{ "type": "Feature", "properties": { "id_tramite": "55", "tipo_tramite": "IPRUS", "fecha_ingreso": "2026-05-20", "fecha_ingreso_original": "20-05-2026", "calidad_fecha": "OK", "plataforma": "SIN PLATAFORMA", "parroquia": "Licán", "estado": "SIN DATO", "clave_catastral": "SIN DATO", "numero_tramite": "1171596", "OBJECTID": 55, "CODIGO": 68, "ORIG_FID": 54, "fuente_inf": null, "valor_unid": 0.0, "unidad_are": null, "actualizad": null, "fecha_actu": null }, "geometry": { "type": "Point", "coordinates": [ -78.690829413603936, -1.648864935876891 ] } },
{ "type": "Feature", "properties": { "id_tramite": "56", "tipo_tramite": "EXCEDENTES", "fecha_ingreso": "2026-05-20", "fecha_ingreso_original": "20-05-2026", "calidad_fecha": "OK", "plataforma": "SIN PLATAFORMA", "parroquia": "Riobamba", "estado": "SIN DATO", "clave_catastral": "SIN DATO", "numero_tramite": "1168514", "OBJECTID": 56, "CODIGO": 69, "ORIG_FID": 55, "fuente_inf": null, "valor_unid": 0.0, "unidad_are": null, "actualizad": null, "fecha_actu": null }, "geometry": { "type": "Point", "coordinates": [ -78.631551837791562, -1.643578776157044 ] } },
{ "type": "Feature", "properties": { "id_tramite": "57", "tipo_tramite": "IPRUS", "fecha_ingreso": "2026-05-21", "fecha_ingreso_original": "21-05-2026", "calidad_fecha": "OK", "plataforma": "D", "parroquia": "Riobamba", "estado": "SIN DATO", "clave_catastral": "SIN DATO", "numero_tramite": "1171916", "OBJECTID": 57, "CODIGO": 70, "ORIG_FID": 56, "fuente_inf": null, "valor_unid": 0.0, "unidad_are": null, "actualizad": null, "fecha_actu": null }, "geometry": { "type": "Point", "coordinates": [ -78.68871155422093, -1.659877857324226 ] } },
{ "type": "Feature", "properties": { "id_tramite": "58", "tipo_tramite": "IPRUS", "fecha_ingreso": "2026-05-21", "fecha_ingreso_original": "21-05-2026", "calidad_fecha": "OK", "plataforma": "SIN PLATAFORMA", "parroquia": "Riobamba", "estado": "SIN DATO", "clave_catastral": "SIN DATO", "numero_tramite": "1172497", "OBJECTID": 58, "CODIGO": 71, "ORIG_FID": 57, "fuente_inf": null, "valor_unid": 0.0, "unidad_are": null, "actualizad": null, "fecha_actu": null }, "geometry": { "type": "Point", "coordinates": [ -78.624135208015176, -1.650872746011347 ] } },
{ "type": "Feature", "properties": { "id_tramite": "59", "tipo_tramite": "IPRUS", "fecha_ingreso": "2026-05-21", "fecha_ingreso_original": "21-05-2026", "calidad_fecha": "OK", "plataforma": "SIN PLATAFORMA", "parroquia": "San Juan", "estado": "SIN DATO", "clave_catastral": "SIN DATO", "numero_tramite": "1172607", "OBJECTID": 59, "CODIGO": 72, "ORIG_FID": 58, "fuente_inf": null, "valor_unid": 0.0, "unidad_are": null, "actualizad": null, "fecha_actu": null }, "geometry": { "type": "Point", "coordinates": [ -78.77491575980757, -1.641826230936615 ] } },
{ "type": "Feature", "properties": { "id_tramite": "60", "tipo_tramite": "IPRUS", "fecha_ingreso": "2026-05-22", "fecha_ingreso_original": "22-05-2026", "calidad_fecha": "OK", "plataforma": "SIN PLATAFORMA", "parroquia": "San Juan", "estado": "SIN DATO", "clave_catastral": "SIN DATO", "numero_tramite": "1172652", "OBJECTID": 60, "CODIGO": 73, "ORIG_FID": 59, "fuente_inf": null, "valor_unid": 0.0, "unidad_are": null, "actualizad": null, "fecha_actu": null }, "geometry": { "type": "Point", "coordinates": [ -78.775394009716791, -1.638662122585853 ] } },
{ "type": "Feature", "properties": { "id_tramite": "61", "tipo_tramite": "IPRUS", "fecha_ingreso": "2026-05-22", "fecha_ingreso_original": "22-05-2026", "calidad_fecha": "OK", "plataforma": "B", "parroquia": "Riobamba", "estado": "SIN DATO", "clave_catastral": "SIN DATO", "numero_tramite": "1173371", "OBJECTID": 61, "CODIGO": 74, "ORIG_FID": 60, "fuente_inf": null, "valor_unid": 0.0, "unidad_are": null, "actualizad": null, "fecha_actu": null }, "geometry": { "type": "Point", "coordinates": [ -78.667260155832977, -1.640295081688553 ] } },
{ "type": "Feature", "properties": { "id_tramite": "62", "tipo_tramite": "EXCEDENTES", "fecha_ingreso": "2026-05-22", "fecha_ingreso_original": "22-05-2026", "calidad_fecha": "OK", "plataforma": "M", "parroquia": "Riobamba", "estado": "SIN DATO", "clave_catastral": "SIN DATO", "numero_tramite": "1171723", "OBJECTID": 62, "CODIGO": 75, "ORIG_FID": 61, "fuente_inf": null, "valor_unid": 0.0, "unidad_are": null, "actualizad": null, "fecha_actu": null }, "geometry": { "type": "Point", "coordinates": [ -78.644369173839152, -1.659722699072937 ] } },
{ "type": "Feature", "properties": { "id_tramite": "63", "tipo_tramite": "IPRUS", "fecha_ingreso": "2026-05-22", "fecha_ingreso_original": "22-05-2026", "calidad_fecha": "OK", "plataforma": "O", "parroquia": "Riobamba", "estado": "SIN DATO", "clave_catastral": "SIN DATO", "numero_tramite": "1171723", "OBJECTID": 63, "CODIGO": 76, "ORIG_FID": 62, "fuente_inf": null, "valor_unid": 0.0, "unidad_are": null, "actualizad": null, "fecha_actu": null }, "geometry": { "type": "Point", "coordinates": [ -78.642247319061795, -1.677209475221645 ] } },
{ "type": "Feature", "properties": { "id_tramite": "66", "tipo_tramite": "IPRUS", "fecha_ingreso": "2026-05-20", "fecha_ingreso_original": "20-05-2026", "calidad_fecha": "OK", "plataforma": "L", "parroquia": "Riobamba", "estado": "SIN DATO", "clave_catastral": "SIN DATO", "numero_tramite": "113485", "OBJECTID": 66, "CODIGO": 79, "ORIG_FID": 65, "fuente_inf": null, "valor_unid": 0.0, "unidad_are": null, "actualizad": null, "fecha_actu": null }, "geometry": { "type": "Point", "coordinates": [ -78.647385937988744, -1.655251464683466 ] } },
{ "type": "Feature", "properties": { "id_tramite": "67", "tipo_tramite": "IPRUS", "fecha_ingreso": "2026-05-20", "fecha_ingreso_original": "20-05-2026", "calidad_fecha": "OK", "plataforma": "F", "parroquia": "Riobamba", "estado": "SIN DATO", "clave_catastral": "SIN DATO", "numero_tramite": "1173546", "OBJECTID": 67, "CODIGO": 80, "ORIG_FID": 66, "fuente_inf": null, "valor_unid": 0.0, "unidad_are": null, "actualizad": null, "fecha_actu": null }, "geometry": { "type": "Point", "coordinates": [ -78.67340505050602, -1.658394482511997 ] } },
{ "type": "Feature", "properties": { "id_tramite": "68", "tipo_tramite": "EXCEDENTES", "fecha_ingreso": "2026-05-20", "fecha_ingreso_original": "20-05-2026", "calidad_fecha": "OK", "plataforma": "SIN PLATAFORMA", "parroquia": "Riobamba", "estado": "SIN DATO", "clave_catastral": "SIN DATO", "numero_tramite": "1171801", "OBJECTID": 68, "CODIGO": 81, "ORIG_FID": 67, "fuente_inf": null, "valor_unid": 0.0, "unidad_are": null, "actualizad": null, "fecha_actu": null }, "geometry": { "type": "Point", "coordinates": [ -78.632321034829431, -1.663400627593019 ] } },
{ "type": "Feature", "properties": { "id_tramite": "69", "tipo_tramite": "EXCEDENTES", "fecha_ingreso": "2026-05-26", "fecha_ingreso_original": "26-05-2026", "calidad_fecha": "OK", "plataforma": "SIN PLATAFORMA", "parroquia": "Riobamba", "estado": "SIN DATO", "clave_catastral": "SIN DATO", "numero_tramite": null, "OBJECTID": 69, "CODIGO": 82, "ORIG_FID": 68, "fuente_inf": null, "valor_unid": 0.0, "unidad_are": null, "actualizad": null, "fecha_actu": null }, "geometry": { "type": "Point", "coordinates": [ -78.630124268137621, -1.668708457810825 ] } },
{ "type": "Feature", "properties": { "id_tramite": "70", "tipo_tramite": "EXCEDENTES", "fecha_ingreso": "2026-05-26", "fecha_ingreso_original": "26-05-2026", "calidad_fecha": "OK", "plataforma": "SIN PLATAFORMA", "parroquia": "Quimiag", "estado": "SIN DATO", "clave_catastral": "SIN DATO", "numero_tramite": "1171650", "OBJECTID": 70, "CODIGO": 83, "ORIG_FID": 69, "fuente_inf": null, "valor_unid": 0.0, "unidad_are": null, "actualizad": null, "fecha_actu": null }, "geometry": { "type": "Point", "coordinates": [ -78.560549706275125, -1.656150348780872 ] } },
{ "type": "Feature", "properties": { "id_tramite": "71", "tipo_tramite": "EXCEDENTES", "fecha_ingreso": "2026-05-26", "fecha_ingreso_original": "26-05-2026", "calidad_fecha": "OK", "plataforma": "J", "parroquia": "Riobamba", "estado": "SIN DATO", "clave_catastral": "SIN DATO", "numero_tramite": "1171650", "OBJECTID": 71, "CODIGO": 84, "ORIG_FID": 70, "fuente_inf": null, "valor_unid": 0.0, "unidad_are": null, "actualizad": null, "fecha_actu": null }, "geometry": { "type": "Point", "coordinates": [ -78.660462282363682, -1.674851946111014 ] } },
{ "type": "Feature", "properties": { "id_tramite": "72", "tipo_tramite": "IPRUS", "fecha_ingreso": "2026-05-26", "fecha_ingreso_original": "26-05-2026", "calidad_fecha": "OK", "plataforma": "H", "parroquia": "Riobamba", "estado": "SIN DATO", "clave_catastral": "SIN DATO", "numero_tramite": "1174182", "OBJECTID": 72, "CODIGO": 85, "ORIG_FID": 71, "fuente_inf": null, "valor_unid": 0.0, "unidad_are": null, "actualizad": null, "fecha_actu": null }, "geometry": { "type": "Point", "coordinates": [ -78.666400270625601, -1.654544764218237 ] } },
{ "type": "Feature", "properties": { "id_tramite": "73", "tipo_tramite": "IPRUS", "fecha_ingreso": "2026-05-26", "fecha_ingreso_original": "26-05-2026", "calidad_fecha": "OK", "plataforma": "B", "parroquia": "Riobamba", "estado": "SIN DATO", "clave_catastral": "SIN DATO", "numero_tramite": "1174236", "OBJECTID": 73, "CODIGO": 86, "ORIG_FID": 72, "fuente_inf": null, "valor_unid": 0.0, "unidad_are": null, "actualizad": null, "fecha_actu": null }, "geometry": { "type": "Point", "coordinates": [ -78.667244569985982, -1.639008911549115 ] } },
{ "type": "Feature", "properties": { "id_tramite": "74", "tipo_tramite": "EXCEDENTES", "fecha_ingreso": "2026-05-26", "fecha_ingreso_original": "26-05-2026", "calidad_fecha": "OK", "plataforma": "SIN PLATAFORMA", "parroquia": "San Juan", "estado": "SIN DATO", "clave_catastral": "SIN DATO", "numero_tramite": "1172664", "OBJECTID": 74, "CODIGO": 87, "ORIG_FID": 73, "fuente_inf": null, "valor_unid": 0.0, "unidad_are": null, "actualizad": null, "fecha_actu": null }, "geometry": { "type": "Point", "coordinates": [ -78.809235384701338, -1.618802248295195 ] } },
{ "type": "Feature", "properties": { "id_tramite": "75", "tipo_tramite": "IPRUS", "fecha_ingreso": "2026-05-26", "fecha_ingreso_original": "26-05-2026", "calidad_fecha": "OK", "plataforma": "B", "parroquia": "Riobamba", "estado": "SIN DATO", "clave_catastral": "SIN DATO", "numero_tramite": "1174417", "OBJECTID": 75, "CODIGO": 88, "ORIG_FID": 74, "fuente_inf": null, "valor_unid": 0.0, "unidad_are": null, "actualizad": null, "fecha_actu": null }, "geometry": { "type": "Point", "coordinates": [ -78.679763517077006, -1.630448120398853 ] } },
{ "type": "Feature", "properties": { "id_tramite": "76", "tipo_tramite": "IPRUS", "fecha_ingreso": "2026-05-27", "fecha_ingreso_original": "27-05-2026", "calidad_fecha": "OK", "plataforma": "Ñ", "parroquia": "Riobamba", "estado": "SIN DATO", "clave_catastral": "SIN DATO", "numero_tramite": "1175013", "OBJECTID": 76, "CODIGO": 89, "ORIG_FID": 75, "fuente_inf": null, "valor_unid": 0.0, "unidad_are": null, "actualizad": null, "fecha_actu": null }, "geometry": { "type": "Point", "coordinates": [ -78.648693336674498, -1.681447116429217 ] } },
{ "type": "Feature", "properties": { "id_tramite": "77", "tipo_tramite": "IPRUS", "fecha_ingreso": "2026-05-27", "fecha_ingreso_original": "27-05-2026", "calidad_fecha": "OK", "plataforma": "G", "parroquia": "Riobamba", "estado": "SIN DATO", "clave_catastral": "SIN DATO", "numero_tramite": "1175354", "OBJECTID": 77, "CODIGO": 90, "ORIG_FID": 76, "fuente_inf": null, "valor_unid": 0.0, "unidad_are": null, "actualizad": null, "fecha_actu": null }, "geometry": { "type": "Point", "coordinates": [ -78.667384642818831, -1.647500916973527 ] } },
{ "type": "Feature", "properties": { "id_tramite": "79", "tipo_tramite": "IPRUS", "fecha_ingreso": "2026-05-28", "fecha_ingreso_original": "28-05-2026", "calidad_fecha": "OK", "plataforma": "D", "parroquia": "Riobamba", "estado": "SIN DATO", "clave_catastral": "SIN DATO", "numero_tramite": "1175712", "OBJECTID": 79, "CODIGO": 92, "ORIG_FID": 78, "fuente_inf": null, "valor_unid": 0.0, "unidad_are": null, "actualizad": null, "fecha_actu": null }, "geometry": { "type": "Point", "coordinates": [ -78.687972868227959, -1.656522548337458 ] } },
{ "type": "Feature", "properties": { "id_tramite": "80", "tipo_tramite": "IPRUS", "fecha_ingreso": "2026-05-28", "fecha_ingreso_original": "28-05-2026", "calidad_fecha": "OK", "plataforma": "SIN PLATAFORMA", "parroquia": "San Luis", "estado": "SIN DATO", "clave_catastral": "SIN DATO", "numero_tramite": "116145", "OBJECTID": 80, "CODIGO": 93, "ORIG_FID": 79, "fuente_inf": null, "valor_unid": 0.0, "unidad_are": null, "actualizad": null, "fecha_actu": null }, "geometry": { "type": "Point", "coordinates": [ -78.635455344472476, -1.691613129667821 ] } },
{ "type": "Feature", "properties": { "id_tramite": "81", "tipo_tramite": "IPRUS", "fecha_ingreso": "2026-05-28", "fecha_ingreso_original": "28-05-2026", "calidad_fecha": "OK", "plataforma": "P", "parroquia": "Riobamba", "estado": "SIN DATO", "clave_catastral": "SIN DATO", "numero_tramite": "1176225", "OBJECTID": 81, "CODIGO": 94, "ORIG_FID": 80, "fuente_inf": null, "valor_unid": 0.0, "unidad_are": null, "actualizad": null, "fecha_actu": null }, "geometry": { "type": "Point", "coordinates": [ -78.637521056016794, -1.68366328841427 ] } },
{ "type": "Feature", "properties": { "id_tramite": "82", "tipo_tramite": "IPRUS", "fecha_ingreso": "2026-05-29", "fecha_ingreso_original": "29-05-2026", "calidad_fecha": "OK", "plataforma": "SIN PLATAFORMA", "parroquia": "Riobamba", "estado": "SIN DATO", "clave_catastral": "SIN DATO", "numero_tramite": "1176427", "OBJECTID": 82, "CODIGO": 95, "ORIG_FID": 81, "fuente_inf": null, "valor_unid": 0.0, "unidad_are": null, "actualizad": null, "fecha_actu": null }, "geometry": { "type": "Point", "coordinates": [ -78.622843056603088, -1.655889601305124 ] } },
{ "type": "Feature", "properties": { "id_tramite": "83", "tipo_tramite": "IPRUS", "fecha_ingreso": "2026-05-29", "fecha_ingreso_original": "29-05-2026", "calidad_fecha": "OK", "plataforma": "F", "parroquia": "Riobamba", "estado": "SIN DATO", "clave_catastral": "SIN DATO", "numero_tramite": "1176439", "OBJECTID": 83, "CODIGO": 96, "ORIG_FID": 82, "fuente_inf": null, "valor_unid": 0.0, "unidad_are": null, "actualizad": null, "fecha_actu": null }, "geometry": { "type": "Point", "coordinates": [ -78.672519030956551, -1.655381697521794 ] } },
{ "type": "Feature", "properties": { "id_tramite": "84", "tipo_tramite": "IPRUS", "fecha_ingreso": "2026-05-29", "fecha_ingreso_original": "29-05-2026", "calidad_fecha": "OK", "plataforma": "SIN PLATAFORMA", "parroquia": "Riobamba", "estado": "SIN DATO", "clave_catastral": "SIN DATO", "numero_tramite": "1177004", "OBJECTID": 84, "CODIGO": 97, "ORIG_FID": 83, "fuente_inf": null, "valor_unid": 0.0, "unidad_are": null, "actualizad": null, "fecha_actu": null }, "geometry": { "type": "Point", "coordinates": [ -78.632136288450425, -1.655099681827743 ] } },
{ "type": "Feature", "properties": { "id_tramite": "85", "tipo_tramite": "IPRUS", "fecha_ingreso": "2026-05-29", "fecha_ingreso_original": "29-05-2026", "calidad_fecha": "OK", "plataforma": "C", "parroquia": "Riobamba", "estado": "SIN DATO", "clave_catastral": "SIN DATO", "numero_tramite": "1177025", "OBJECTID": 85, "CODIGO": 98, "ORIG_FID": 84, "fuente_inf": null, "valor_unid": 0.0, "unidad_are": null, "actualizad": null, "fecha_actu": null }, "geometry": { "type": "Point", "coordinates": [ -78.680463908069314, -1.640232844793106 ] } },
{ "type": "Feature", "properties": { "id_tramite": "86", "tipo_tramite": "IPRUS", "fecha_ingreso": "2026-05-29", "fecha_ingreso_original": "29-05-2026", "calidad_fecha": "OK", "plataforma": "O", "parroquia": "Riobamba", "estado": "SIN DATO", "clave_catastral": "SIN DATO", "numero_tramite": "1177289", "OBJECTID": 86, "CODIGO": 99, "ORIG_FID": 85, "fuente_inf": null, "valor_unid": 0.0, "unidad_are": null, "actualizad": null, "fecha_actu": null }, "geometry": { "type": "Point", "coordinates": [ -78.644346036735314, -1.670544043166376 ] } },
{ "type": "Feature", "properties": { "id_tramite": "87", "tipo_tramite": "IPRUS", "fecha_ingreso": "2026-05-29", "fecha_ingreso_original": "29-05-2026", "calidad_fecha": "OK", "plataforma": "K", "parroquia": "Riobamba", "estado": "SIN DATO", "clave_catastral": "SIN DATO", "numero_tramite": "1177371", "OBJECTID": 87, "CODIGO": 100, "ORIG_FID": 86, "fuente_inf": null, "valor_unid": 0.0, "unidad_are": null, "actualizad": null, "fecha_actu": null }, "geometry": { "type": "Point", "coordinates": [ -78.64374249850961, -1.671776565863794 ] } },
{ "type": "Feature", "properties": { "id_tramite": "88", "tipo_tramite": "EXCEDENTES", "fecha_ingreso": "2026-05-29", "fecha_ingreso_original": "29-05-2026", "calidad_fecha": "OK", "plataforma": "SIN PLATAFORMA", "parroquia": "Quimiag", "estado": "SIN DATO", "clave_catastral": "SIN DATO", "numero_tramite": "1175197", "OBJECTID": 88, "CODIGO": 101, "ORIG_FID": 87, "fuente_inf": null, "valor_unid": 0.0, "unidad_are": null, "actualizad": null, "fecha_actu": null }, "geometry": { "type": "Point", "coordinates": [ -78.576433118029925, -1.663956392924286 ] } },
{ "type": "Feature", "properties": { "id_tramite": "89", "tipo_tramite": "EXCEDENTES", "fecha_ingreso": "2026-05-29", "fecha_ingreso_original": "29-05-2026", "calidad_fecha": "OK", "plataforma": "C", "parroquia": "Riobamba", "estado": "SIN DATO", "clave_catastral": "SIN DATO", "numero_tramite": "1175583", "OBJECTID": 89, "CODIGO": 102, "ORIG_FID": 88, "fuente_inf": null, "valor_unid": 0.0, "unidad_are": null, "actualizad": null, "fecha_actu": null }, "geometry": { "type": "Point", "coordinates": [ -78.685273417496376, -1.644133408573679 ] } },
{ "type": "Feature", "properties": { "id_tramite": "90", "tipo_tramite": "EXCEDENTES", "fecha_ingreso": "2026-05-29", "fecha_ingreso_original": "29-05-2026", "calidad_fecha": "OK", "plataforma": "O", "parroquia": "Riobamba", "estado": "SIN DATO", "clave_catastral": "SIN DATO", "numero_tramite": "1175675", "OBJECTID": 90, "CODIGO": 103, "ORIG_FID": 89, "fuente_inf": null, "valor_unid": 0.0, "unidad_are": null, "actualizad": null, "fecha_actu": null }, "geometry": { "type": "Point", "coordinates": [ -78.630968573979814, -1.676696061266082 ] } },
{ "type": "Feature", "properties": { "id_tramite": "91", "tipo_tramite": "EXCEDENTES", "fecha_ingreso": "2026-05-29", "fecha_ingreso_original": "29-05-2026", "calidad_fecha": "OK", "plataforma": "D", "parroquia": "Riobamba", "estado": "SIN DATO", "clave_catastral": "SIN DATO", "numero_tramite": "1175708", "OBJECTID": 91, "CODIGO": 104, "ORIG_FID": 90, "fuente_inf": null, "valor_unid": 0.0, "unidad_are": null, "actualizad": null, "fecha_actu": null }, "geometry": { "type": "Point", "coordinates": [ -78.688328341466473, -1.655124327512528 ] } },
{ "type": "Feature", "properties": { "id_tramite": "92", "tipo_tramite": "EXCEDENTES", "fecha_ingreso": "2026-05-29", "fecha_ingreso_original": "29-05-2026", "calidad_fecha": "OK", "plataforma": "N", "parroquia": "Riobamba", "estado": "SIN DATO", "clave_catastral": "SIN DATO", "numero_tramite": "1177159", "OBJECTID": 92, "CODIGO": 105, "ORIG_FID": 91, "fuente_inf": null, "valor_unid": 0.0, "unidad_are": null, "actualizad": null, "fecha_actu": null }, "geometry": { "type": "Point", "coordinates": [ -78.663777017797415, -1.683065325502576 ] } },
{ "type": "Feature", "properties": { "id_tramite": "93", "tipo_tramite": "IPRUS", "fecha_ingreso": "2026-06-01", "fecha_ingreso_original": "01-06-2026", "calidad_fecha": "OK", "plataforma": "Ñ", "parroquia": "Riobamba", "estado": "SIN DATO", "clave_catastral": "SIN DATO", "numero_tramite": "1178107", "OBJECTID": 93, "CODIGO": 106, "ORIG_FID": 92, "fuente_inf": null, "valor_unid": 0.0, "unidad_are": null, "actualizad": null, "fecha_actu": null }, "geometry": { "type": "Point", "coordinates": [ -78.648889877951191, -1.678215493712078 ] } },
{ "type": "Feature", "properties": { "id_tramite": "94", "tipo_tramite": "IPRUS", "fecha_ingreso": "2026-06-01", "fecha_ingreso_original": "01-06-2026", "calidad_fecha": "OK", "plataforma": "Q", "parroquia": "Riobamba", "estado": "SIN DATO", "clave_catastral": "SIN DATO", "numero_tramite": "118346", "OBJECTID": 94, "CODIGO": 107, "ORIG_FID": 93, "fuente_inf": null, "valor_unid": 0.0, "unidad_are": null, "actualizad": null, "fecha_actu": null }, "geometry": { "type": "Point", "coordinates": [ -78.635419957985988, -1.682292732607749 ] } },
{ "type": "Feature", "properties": { "id_tramite": "95", "tipo_tramite": "IPRUS", "fecha_ingreso": "2026-06-02", "fecha_ingreso_original": "02-06-2026", "calidad_fecha": "OK", "plataforma": "SIN PLATAFORMA", "parroquia": "San Juan", "estado": "SIN DATO", "clave_catastral": "SIN DATO", "numero_tramite": "1178930", "OBJECTID": 95, "CODIGO": 108, "ORIG_FID": 94, "fuente_inf": null, "valor_unid": 0.0, "unidad_are": null, "actualizad": null, "fecha_actu": null }, "geometry": { "type": "Point", "coordinates": [ -78.794600520591715, -1.603394609762089 ] } },
{ "type": "Feature", "properties": { "id_tramite": "96", "tipo_tramite": "EXCEDENTES", "fecha_ingreso": "2026-06-02", "fecha_ingreso_original": "02-06-2026", "calidad_fecha": "OK", "plataforma": "D", "parroquia": "Riobamba", "estado": "SIN DATO", "clave_catastral": "SIN DATO", "numero_tramite": "1176238", "OBJECTID": 96, "CODIGO": 109, "ORIG_FID": 95, "fuente_inf": null, "valor_unid": 0.0, "unidad_are": null, "actualizad": null, "fecha_actu": null }, "geometry": { "type": "Point", "coordinates": [ -78.686897270662968, -1.658920752666578 ] } },
{ "type": "Feature", "properties": { "id_tramite": "97", "tipo_tramite": "EXCEDENTES", "fecha_ingreso": "2026-06-02", "fecha_ingreso_original": "02-06-2026", "calidad_fecha": "OK", "plataforma": "F", "parroquia": "Riobamba", "estado": "SIN DATO", "clave_catastral": "SIN DATO", "numero_tramite": "1177127", "OBJECTID": 97, "CODIGO": 110, "ORIG_FID": 96, "fuente_inf": null, "valor_unid": 0.0, "unidad_are": null, "actualizad": null, "fecha_actu": null }, "geometry": { "type": "Point", "coordinates": [ -78.676107114498961, -1.650416737196401 ] } },
{ "type": "Feature", "properties": { "id_tramite": "98", "tipo_tramite": "EXCEDENTES", "fecha_ingreso": "2026-06-02", "fecha_ingreso_original": "02-06-2026", "calidad_fecha": "OK", "plataforma": "C", "parroquia": "Riobamba", "estado": "SIN DATO", "clave_catastral": "SIN DATO", "numero_tramite": "1178049", "OBJECTID": 98, "CODIGO": 111, "ORIG_FID": 97, "fuente_inf": null, "valor_unid": 0.0, "unidad_are": null, "actualizad": null, "fecha_actu": null }, "geometry": { "type": "Point", "coordinates": [ -78.678406406901175, -1.639569597566334 ] } },
{ "type": "Feature", "properties": { "id_tramite": "99", "tipo_tramite": "EXCEDENTES", "fecha_ingreso": "2026-06-02", "fecha_ingreso_original": "02-06-2026", "calidad_fecha": "OK", "plataforma": "SIN PLATAFORMA", "parroquia": "San Luis", "estado": "SIN DATO", "clave_catastral": "SIN DATO", "numero_tramite": "1176850", "OBJECTID": 99, "CODIGO": 112, "ORIG_FID": 98, "fuente_inf": null, "valor_unid": 0.0, "unidad_are": null, "actualizad": null, "fecha_actu": null }, "geometry": { "type": "Point", "coordinates": [ -78.637144202720549, -1.695182226705524 ] } },
{ "type": "Feature", "properties": { "id_tramite": "100", "tipo_tramite": "IPRUS", "fecha_ingreso": "2026-06-02", "fecha_ingreso_original": "02-06-2026", "calidad_fecha": "OK", "plataforma": "C", "parroquia": "Riobamba", "estado": "SIN DATO", "clave_catastral": "SIN DATO", "numero_tramite": "1179015", "OBJECTID": 100, "CODIGO": 113, "ORIG_FID": 99, "fuente_inf": null, "valor_unid": 0.0, "unidad_are": null, "actualizad": null, "fecha_actu": null }, "geometry": { "type": "Point", "coordinates": [ -78.684006341118831, -1.638788907288513 ] } },
{ "type": "Feature", "properties": { "id_tramite": "101", "tipo_tramite": "EXCEDENTES", "fecha_ingreso": "2026-06-02", "fecha_ingreso_original": "02-06-2026", "calidad_fecha": "OK", "plataforma": "SIN PLATAFORMA", "parroquia": "Calpi", "estado": "SIN DATO", "clave_catastral": "SIN DATO", "numero_tramite": "1178830", "OBJECTID": 101, "CODIGO": 114, "ORIG_FID": 100, "fuente_inf": null, "valor_unid": 0.0, "unidad_are": null, "actualizad": null, "fecha_actu": null }, "geometry": { "type": "Point", "coordinates": [ -78.745556074874798, -1.648628875027916 ] } },
{ "type": "Feature", "properties": { "id_tramite": "102", "tipo_tramite": "EXCEDENTES", "fecha_ingreso": "2026-06-02", "fecha_ingreso_original": "02-06-2026", "calidad_fecha": "OK", "plataforma": "SIN PLATAFORMA", "parroquia": "Riobamba", "estado": "SIN DATO", "clave_catastral": "SIN DATO", "numero_tramite": "1177444", "OBJECTID": 102, "CODIGO": 115, "ORIG_FID": 101, "fuente_inf": null, "valor_unid": 0.0, "unidad_are": null, "actualizad": null, "fecha_actu": null }, "geometry": { "type": "Point", "coordinates": [ -78.656695378401395, -1.686170160035381 ] } },
{ "type": "Feature", "properties": { "id_tramite": "103", "tipo_tramite": "IPRUS", "fecha_ingreso": "2026-03-02", "fecha_ingreso_original": "02-03-2026", "calidad_fecha": "OK", "plataforma": "B", "parroquia": "Riobamba", "estado": "SIN DATO", "clave_catastral": "SIN DATO", "numero_tramite": "1179291", "OBJECTID": 103, "CODIGO": 116, "ORIG_FID": 102, "fuente_inf": null, "valor_unid": 0.0, "unidad_are": null, "actualizad": null, "fecha_actu": null }, "geometry": { "type": "Point", "coordinates": [ -78.673086664394063, -1.642346063332873 ] } },
{ "type": "Feature", "properties": { "id_tramite": "104", "tipo_tramite": "IPRUS", "fecha_ingreso": "2026-06-02", "fecha_ingreso_original": "02-06-2026", "calidad_fecha": "OK", "plataforma": "H", "parroquia": "Riobamba", "estado": "SIN DATO", "clave_catastral": "SIN DATO", "numero_tramite": "1179361", "OBJECTID": 104, "CODIGO": 117, "ORIG_FID": 103, "fuente_inf": null, "valor_unid": 0.0, "unidad_are": null, "actualizad": null, "fecha_actu": null }, "geometry": { "type": "Point", "coordinates": [ -78.67231719419047, -1.663287464656748 ] } },
{ "type": "Feature", "properties": { "id_tramite": "105", "tipo_tramite": "IPRUS", "fecha_ingreso": "2026-06-04", "fecha_ingreso_original": "04-06-2026", "calidad_fecha": "OK", "plataforma": "SIN PLATAFORMA", "parroquia": "San Luis", "estado": "SIN DATO", "clave_catastral": "SIN DATO", "numero_tramite": "119430", "OBJECTID": 105, "CODIGO": 118, "ORIG_FID": 104, "fuente_inf": null, "valor_unid": 0.0, "unidad_are": null, "actualizad": null, "fecha_actu": null }, "geometry": { "type": "Point", "coordinates": [ -78.641660879073882, -1.695483331446858 ] } },
{ "type": "Feature", "properties": { "id_tramite": "106", "tipo_tramite": "IPRUS", "fecha_ingreso": "2026-06-04", "fecha_ingreso_original": "04-06-2026", "calidad_fecha": "OK", "plataforma": "SIN PLATAFORMA", "parroquia": "San Luis", "estado": "SIN DATO", "clave_catastral": "SIN DATO", "numero_tramite": "1179655", "OBJECTID": 106, "CODIGO": 119, "ORIG_FID": 105, "fuente_inf": null, "valor_unid": 0.0, "unidad_are": null, "actualizad": null, "fecha_actu": null }, "geometry": { "type": "Point", "coordinates": [ -78.636016496241425, -1.693551294775304 ] } },
{ "type": "Feature", "properties": { "id_tramite": "107", "tipo_tramite": "IPRUS", "fecha_ingreso": "2026-06-04", "fecha_ingreso_original": "04-06-2026", "calidad_fecha": "OK", "plataforma": "H", "parroquia": "Riobamba", "estado": "SIN DATO", "clave_catastral": "SIN DATO", "numero_tramite": "1179715", "OBJECTID": 107, "CODIGO": 120, "ORIG_FID": 106, "fuente_inf": null, "valor_unid": 0.0, "unidad_are": null, "actualizad": null, "fecha_actu": null }, "geometry": { "type": "Point", "coordinates": [ -78.675861450266495, -1.662071568974238 ] } },
{ "type": "Feature", "properties": { "id_tramite": "108", "tipo_tramite": "IPRUS", "fecha_ingreso": "2026-06-04", "fecha_ingreso_original": "04-06-2026", "calidad_fecha": "OK", "plataforma": "M", "parroquia": "Riobamba", "estado": "SIN DATO", "clave_catastral": "SIN DATO", "numero_tramite": "1179772", "OBJECTID": 108, "CODIGO": 121, "ORIG_FID": 107, "fuente_inf": null, "valor_unid": 0.0, "unidad_are": null, "actualizad": null, "fecha_actu": null }, "geometry": { "type": "Point", "coordinates": [ -78.638810114035167, -1.658270604372755 ] } },
{ "type": "Feature", "properties": { "id_tramite": "109", "tipo_tramite": "IPRUS", "fecha_ingreso": "2026-06-04", "fecha_ingreso_original": "04-06-2026", "calidad_fecha": "OK", "plataforma": "C", "parroquia": "Riobamba", "estado": "SIN DATO", "clave_catastral": "SIN DATO", "numero_tramite": "1180386", "OBJECTID": 109, "CODIGO": 122, "ORIG_FID": 108, "fuente_inf": null, "valor_unid": 0.0, "unidad_are": null, "actualizad": null, "fecha_actu": null }, "geometry": { "type": "Point", "coordinates": [ -78.678556326989991, -1.644435367072601 ] } },
{ "type": "Feature", "properties": { "id_tramite": "110", "tipo_tramite": "IPRUS", "fecha_ingreso": "2026-06-04", "fecha_ingreso_original": "04-06-2026", "calidad_fecha": "OK", "plataforma": "L", "parroquia": "Riobamba", "estado": "SIN DATO", "clave_catastral": "SIN DATO", "numero_tramite": "1180589", "OBJECTID": 110, "CODIGO": 123, "ORIG_FID": 109, "fuente_inf": null, "valor_unid": 0.0, "unidad_are": null, "actualizad": null, "fecha_actu": null }, "geometry": { "type": "Point", "coordinates": [ -78.648659661643308, -1.653948770795863 ] } },
{ "type": "Feature", "properties": { "id_tramite": "111", "tipo_tramite": "EXCEDENTES", "fecha_ingreso": "2026-06-04", "fecha_ingreso_original": "04-06-2026", "calidad_fecha": "OK", "plataforma": "SIN PLATAFORMA", "parroquia": "Calpi", "estado": "SIN DATO", "clave_catastral": "SIN DATO", "numero_tramite": "1175912", "OBJECTID": 111, "CODIGO": 124, "ORIG_FID": 110, "fuente_inf": null, "valor_unid": 0.0, "unidad_are": null, "actualizad": null, "fecha_actu": null }, "geometry": { "type": "Point", "coordinates": [ -78.740592299448778, -1.644575071238442 ] } },
{ "type": "Feature", "properties": { "id_tramite": "112", "tipo_tramite": "EXCEDENTES", "fecha_ingreso": null, "fecha_ingreso_original": "04-06-206", "calidad_fecha": "REVISAR", "plataforma": "B", "parroquia": "Riobamba", "estado": "SIN DATO", "clave_catastral": "SIN DATO", "numero_tramite": "1178978", "OBJECTID": 112, "CODIGO": 125, "ORIG_FID": 111, "fuente_inf": null, "valor_unid": 0.0, "unidad_are": null, "actualizad": null, "fecha_actu": null }, "geometry": { "type": "Point", "coordinates": [ -78.669207351329661, -1.642420267074728 ] } },
{ "type": "Feature", "properties": { "id_tramite": "113", "tipo_tramite": "IPRUS", "fecha_ingreso": "2026-06-05", "fecha_ingreso_original": "05-06-2026", "calidad_fecha": "OK", "plataforma": "C", "parroquia": "Riobamba", "estado": "SIN DATO", "clave_catastral": "SIN DATO", "numero_tramite": "1181131", "OBJECTID": 113, "CODIGO": 126, "ORIG_FID": 112, "fuente_inf": null, "valor_unid": 0.0, "unidad_are": null, "actualizad": null, "fecha_actu": null }, "geometry": { "type": "Point", "coordinates": [ -78.680388135751059, -1.641033950097637 ] } },
{ "type": "Feature", "properties": { "id_tramite": "114", "tipo_tramite": "IPRUS", "fecha_ingreso": "2026-06-05", "fecha_ingreso_original": "05-06-2026", "calidad_fecha": "OK", "plataforma": "L", "parroquia": "Riobamba", "estado": "SIN DATO", "clave_catastral": "SIN DATO", "numero_tramite": "1181142", "OBJECTID": 114, "CODIGO": 127, "ORIG_FID": 113, "fuente_inf": null, "valor_unid": 0.0, "unidad_are": null, "actualizad": null, "fecha_actu": null }, "geometry": { "type": "Point", "coordinates": [ -78.646887169730519, -1.653844002667909 ] } },
{ "type": "Feature", "properties": { "id_tramite": "115", "tipo_tramite": "IPRUS", "fecha_ingreso": "2025-06-05", "fecha_ingreso_original": "05-06-2025", "calidad_fecha": "OK", "plataforma": "O", "parroquia": "Riobamba", "estado": "SIN DATO", "clave_catastral": "SIN DATO", "numero_tramite": "1181216", "OBJECTID": 115, "CODIGO": 128, "ORIG_FID": 114, "fuente_inf": null, "valor_unid": 0.0, "unidad_are": null, "actualizad": null, "fecha_actu": null }, "geometry": { "type": "Point", "coordinates": [ -78.63023886627451, -1.673123647259952 ] } },
{ "type": "Feature", "properties": { "id_tramite": "118", "tipo_tramite": "IPRUS", "fecha_ingreso": "2026-06-05", "fecha_ingreso_original": "05-06-2026", "calidad_fecha": "OK", "plataforma": "O", "parroquia": "Riobamba", "estado": "SIN DATO", "clave_catastral": "SIN DATO", "numero_tramite": "1181270", "OBJECTID": 118, "CODIGO": 131, "ORIG_FID": 117, "fuente_inf": null, "valor_unid": 0.0, "unidad_are": null, "actualizad": null, "fecha_actu": null }, "geometry": { "type": "Point", "coordinates": [ -78.638906340027475, -1.668089923056391 ] } },
{ "type": "Feature", "properties": { "id_tramite": "119", "tipo_tramite": "IPRUS", "fecha_ingreso": "2026-06-05", "fecha_ingreso_original": "05-06-2026", "calidad_fecha": "OK", "plataforma": "P", "parroquia": "Riobamba", "estado": "SIN DATO", "clave_catastral": "SIN DATO", "numero_tramite": "1181450", "OBJECTID": 119, "CODIGO": 132, "ORIG_FID": 118, "fuente_inf": null, "valor_unid": 0.0, "unidad_are": null, "actualizad": null, "fecha_actu": null }, "geometry": { "type": "Point", "coordinates": [ -78.642212557422823, -1.689467957344162 ] } },
{ "type": "Feature", "properties": { "id_tramite": "120", "tipo_tramite": "IPRUS", "fecha_ingreso": "2026-06-05", "fecha_ingreso_original": "05-06-2026", "calidad_fecha": "OK", "plataforma": "D", "parroquia": "Riobamba", "estado": "SIN DATO", "clave_catastral": "SIN DATO", "numero_tramite": "1181594", "OBJECTID": 120, "CODIGO": 133, "ORIG_FID": 119, "fuente_inf": null, "valor_unid": 0.0, "unidad_are": null, "actualizad": null, "fecha_actu": null }, "geometry": { "type": "Point", "coordinates": [ -78.691808900939591, -1.656813434653364 ] } },
{ "type": "Feature", "properties": { "id_tramite": "121", "tipo_tramite": "IPRUS", "fecha_ingreso": "2026-06-05", "fecha_ingreso_original": "05-06-2026", "calidad_fecha": "OK", "plataforma": "SIN PLATAFORMA", "parroquia": "Riobamba", "estado": "SIN DATO", "clave_catastral": "SIN DATO", "numero_tramite": "1182104", "OBJECTID": 121, "CODIGO": 134, "ORIG_FID": 120, "fuente_inf": null, "valor_unid": 0.0, "unidad_are": null, "actualizad": null, "fecha_actu": null }, "geometry": { "type": "Point", "coordinates": [ -78.627829803455228, -1.657276601712172 ] } },
{ "type": "Feature", "properties": { "id_tramite": "122", "tipo_tramite": "EXCEDENTES", "fecha_ingreso": "2026-06-05", "fecha_ingreso_original": "05-06-2026", "calidad_fecha": "OK", "plataforma": "H", "parroquia": "Riobamba", "estado": "SIN DATO", "clave_catastral": "SIN DATO", "numero_tramite": "1181105", "OBJECTID": 122, "CODIGO": 135, "ORIG_FID": 121, "fuente_inf": null, "valor_unid": 0.0, "unidad_are": null, "actualizad": null, "fecha_actu": null }, "geometry": { "type": "Point", "coordinates": [ -78.666807541139704, -1.657493345537202 ] } },
{ "type": "Feature", "properties": { "id_tramite": "123", "tipo_tramite": "EXCEDENTES", "fecha_ingreso": "2026-06-05", "fecha_ingreso_original": "05-06-2026", "calidad_fecha": "OK", "plataforma": "K", "parroquia": "Riobamba", "estado": "SIN DATO", "clave_catastral": "SIN DATO", "numero_tramite": "1181133", "OBJECTID": 123, "CODIGO": 136, "ORIG_FID": 122, "fuente_inf": null, "valor_unid": 0.0, "unidad_are": null, "actualizad": null, "fecha_actu": null }, "geometry": { "type": "Point", "coordinates": [ -78.655003187913849, -1.66986542833783 ] } },
{ "type": "Feature", "properties": { "id_tramite": "124", "tipo_tramite": "IPRUS", "fecha_ingreso": "2026-06-05", "fecha_ingreso_original": "05-06-2026", "calidad_fecha": "OK", "plataforma": "SIN PLATAFORMA", "parroquia": "Punín", "estado": "SIN DATO", "clave_catastral": "SIN DATO", "numero_tramite": "1182135", "OBJECTID": 124, "CODIGO": 137, "ORIG_FID": 123, "fuente_inf": null, "valor_unid": 0.0, "unidad_are": null, "actualizad": null, "fecha_actu": null }, "geometry": { "type": "Point", "coordinates": [ -78.66619827078766, -1.735592669208701 ] } },
{ "type": "Feature", "properties": { "id_tramite": "125", "tipo_tramite": "IPRUS", "fecha_ingreso": "2026-06-08", "fecha_ingreso_original": "8-06-2026", "calidad_fecha": "OK", "plataforma": "B", "parroquia": "Riobamba", "estado": "SIN DATO", "clave_catastral": "SIN DATO", "numero_tramite": "1182479", "OBJECTID": 125, "CODIGO": 138, "ORIG_FID": 124, "fuente_inf": null, "valor_unid": 0.0, "unidad_are": null, "actualizad": null, "fecha_actu": null }, "geometry": { "type": "Point", "coordinates": [ -78.679653434295304, -1.630463252742332 ] } },
{ "type": "Feature", "properties": { "id_tramite": "126", "tipo_tramite": "IPRUS", "fecha_ingreso": "2026-06-08", "fecha_ingreso_original": "08-06/2026", "calidad_fecha": "OK", "plataforma": "J", "parroquia": "Riobamba", "estado": "SIN DATO", "clave_catastral": "SIN DATO", "numero_tramite": "1182500", "OBJECTID": 126, "CODIGO": 139, "ORIG_FID": 125, "fuente_inf": null, "valor_unid": 0.0, "unidad_are": null, "actualizad": null, "fecha_actu": null }, "geometry": { "type": "Point", "coordinates": [ -78.655848678302348, -1.678124410467218 ] } },
{ "type": "Feature", "properties": { "id_tramite": "127", "tipo_tramite": "IPRUS", "fecha_ingreso": "2026-06-08", "fecha_ingreso_original": "08-06-2026", "calidad_fecha": "OK", "plataforma": "Ñ", "parroquia": "Riobamba", "estado": "SIN DATO", "clave_catastral": "SIN DATO", "numero_tramite": "1182763", "OBJECTID": 127, "CODIGO": 140, "ORIG_FID": 126, "fuente_inf": null, "valor_unid": 0.0, "unidad_are": null, "actualizad": null, "fecha_actu": null }, "geometry": { "type": "Point", "coordinates": [ -78.659529600293538, -1.681666191149449 ] } },
{ "type": "Feature", "properties": { "id_tramite": "128", "tipo_tramite": "EXCEDENTES", "fecha_ingreso": "2026-08-09", "fecha_ingreso_original": "09-08-2026", "calidad_fecha": "OK", "plataforma": "Ñ", "parroquia": "Riobamba", "estado": "SIN DATO", "clave_catastral": "SIN DATO", "numero_tramite": "1181998", "OBJECTID": 128, "CODIGO": 141, "ORIG_FID": 127, "fuente_inf": null, "valor_unid": 0.0, "unidad_are": null, "actualizad": null, "fecha_actu": null }, "geometry": { "type": "Point", "coordinates": [ -78.65839960968809, -1.682206819508571 ] } },
{ "type": "Feature", "properties": { "id_tramite": "129", "tipo_tramite": "EXCEDENTES", "fecha_ingreso": "2026-06-09", "fecha_ingreso_original": "09-06-2026", "calidad_fecha": "OK", "plataforma": "SIN PLATAFORMA", "parroquia": "Riobamba", "estado": "SIN DATO", "clave_catastral": "SIN DATO", "numero_tramite": "1182182", "OBJECTID": 129, "CODIGO": 142, "ORIG_FID": 128, "fuente_inf": null, "valor_unid": 0.0, "unidad_are": null, "actualizad": null, "fecha_actu": null }, "geometry": { "type": "Point", "coordinates": [ -78.624922831971205, -1.678032510777191 ] } },
{ "type": "Feature", "properties": { "id_tramite": "130", "tipo_tramite": "IPRUS", "fecha_ingreso": "2026-06-09", "fecha_ingreso_original": "09-06-2026", "calidad_fecha": "OK", "plataforma": "SIN PLATAFORMA", "parroquia": "Licán", "estado": "SIN DATO", "clave_catastral": "SIN DATO", "numero_tramite": "1183584", "OBJECTID": 130, "CODIGO": 143, "ORIG_FID": 129, "fuente_inf": null, "valor_unid": 0.0, "unidad_are": null, "actualizad": null, "fecha_actu": null }, "geometry": { "type": "Point", "coordinates": [ -78.694739612760955, -1.65369352444411 ] } },
{ "type": "Feature", "properties": { "id_tramite": "131", "tipo_tramite": "IPRUS", "fecha_ingreso": "2026-06-09", "fecha_ingreso_original": "09-06-2026", "calidad_fecha": "OK", "plataforma": "O", "parroquia": "Riobamba", "estado": "SIN DATO", "clave_catastral": "SIN DATO", "numero_tramite": "1183731", "OBJECTID": 131, "CODIGO": 144, "ORIG_FID": 130, "fuente_inf": null, "valor_unid": 0.0, "unidad_are": null, "actualizad": null, "fecha_actu": null }, "geometry": { "type": "Point", "coordinates": [ -78.640221421081407, -1.664186943806172 ] } },
{ "type": "Feature", "properties": { "id_tramite": "132", "tipo_tramite": "IPRUS", "fecha_ingreso": "2026-06-09", "fecha_ingreso_original": "09-06-2026", "calidad_fecha": "OK", "plataforma": "B", "parroquia": "Riobamba", "estado": "SIN DATO", "clave_catastral": "SIN DATO", "numero_tramite": "1183981", "OBJECTID": 132, "CODIGO": 145, "ORIG_FID": 131, "fuente_inf": null, "valor_unid": 0.0, "unidad_are": null, "actualizad": null, "fecha_actu": null }, "geometry": { "type": "Point", "coordinates": [ -78.671612321015374, -1.64110966754995 ] } },
{ "type": "Feature", "properties": { "id_tramite": "133", "tipo_tramite": "EXCEDENTES", "fecha_ingreso": "2026-06-09", "fecha_ingreso_original": "09-06-2026", "calidad_fecha": "OK", "plataforma": "SIN PLATAFORMA", "parroquia": "Licán", "estado": "SIN DATO", "clave_catastral": "SIN DATO", "numero_tramite": "1183347", "OBJECTID": 133, "CODIGO": 146, "ORIG_FID": 132, "fuente_inf": null, "valor_unid": 0.0, "unidad_are": null, "actualizad": null, "fecha_actu": null }, "geometry": { "type": "Point", "coordinates": [ -78.69200815616081, -1.647027228778468 ] } },
{ "type": "Feature", "properties": { "id_tramite": "134", "tipo_tramite": "EXCEDENTES", "fecha_ingreso": "2026-06-09", "fecha_ingreso_original": "09-06-2026", "calidad_fecha": "OK", "plataforma": "SIN PLATAFORMA", "parroquia": "San Luis", "estado": "SIN DATO", "clave_catastral": "SIN DATO", "numero_tramite": "1183354", "OBJECTID": 134, "CODIGO": 147, "ORIG_FID": 133, "fuente_inf": null, "valor_unid": 0.0, "unidad_are": null, "actualizad": null, "fecha_actu": null }, "geometry": { "type": "Point", "coordinates": [ -78.637779622929713, -1.692869928121828 ] } },
{ "type": "Feature", "properties": { "id_tramite": "135", "tipo_tramite": "IPRUS", "fecha_ingreso": "2026-06-09", "fecha_ingreso_original": "09-06-2026", "calidad_fecha": "OK", "plataforma": "G", "parroquia": "Riobamba", "estado": "SIN DATO", "clave_catastral": "SIN DATO", "numero_tramite": "1184091", "OBJECTID": 135, "CODIGO": 148, "ORIG_FID": 134, "fuente_inf": null, "valor_unid": 0.0, "unidad_are": null, "actualizad": null, "fecha_actu": null }, "geometry": { "type": "Point", "coordinates": [ -78.662866885766391, -1.652360122874912 ] } },
{ "type": "Feature", "properties": { "id_tramite": "136", "tipo_tramite": "IPRUS", "fecha_ingreso": "2026-06-09", "fecha_ingreso_original": "09-06-2026", "calidad_fecha": "OK", "plataforma": "O", "parroquia": "Riobamba", "estado": "SIN DATO", "clave_catastral": "SIN DATO", "numero_tramite": "1180000", "OBJECTID": 136, "CODIGO": 149, "ORIG_FID": 135, "fuente_inf": null, "valor_unid": 0.0, "unidad_are": null, "actualizad": null, "fecha_actu": null }, "geometry": { "type": "Point", "coordinates": [ -78.642102820364215, -1.671194768566494 ] } },
{ "type": "Feature", "properties": { "id_tramite": "137", "tipo_tramite": "IPRUS", "fecha_ingreso": "2026-06-10", "fecha_ingreso_original": "10-06-2026", "calidad_fecha": "OK", "plataforma": "G", "parroquia": "Riobamba", "estado": "SIN DATO", "clave_catastral": "SIN DATO", "numero_tramite": "1184476", "OBJECTID": 137, "CODIGO": 150, "ORIG_FID": 136, "fuente_inf": null, "valor_unid": 0.0, "unidad_are": null, "actualizad": null, "fecha_actu": null }, "geometry": { "type": "Point", "coordinates": [ -78.663028553984944, -1.648604600351762 ] } },
{ "type": "Feature", "properties": { "id_tramite": "138", "tipo_tramite": "IPRUS", "fecha_ingreso": "2026-06-10", "fecha_ingreso_original": "10-06-2026", "calidad_fecha": "OK", "plataforma": "Ñ", "parroquia": "Riobamba", "estado": "SIN DATO", "clave_catastral": "SIN DATO", "numero_tramite": "1184568", "OBJECTID": 138, "CODIGO": 151, "ORIG_FID": 137, "fuente_inf": null, "valor_unid": 0.0, "unidad_are": null, "actualizad": null, "fecha_actu": null }, "geometry": { "type": "Point", "coordinates": [ -78.649916616485243, -1.684380645590139 ] } },
{ "type": "Feature", "properties": { "id_tramite": "139", "tipo_tramite": "IPRUS", "fecha_ingreso": "2026-06-10", "fecha_ingreso_original": "10-06-2026", "calidad_fecha": "OK", "plataforma": "M", "parroquia": "Riobamba", "estado": "SIN DATO", "clave_catastral": "SIN DATO", "numero_tramite": "1184616", "OBJECTID": 139, "CODIGO": 152, "ORIG_FID": 138, "fuente_inf": null, "valor_unid": 0.0, "unidad_are": null, "actualizad": null, "fecha_actu": null }, "geometry": { "type": "Point", "coordinates": [ -78.642373533174236, -1.665222599363936 ] } },
{ "type": "Feature", "properties": { "id_tramite": "140", "tipo_tramite": "IPRUS", "fecha_ingreso": "2026-06-10", "fecha_ingreso_original": "10-06-2026", "calidad_fecha": "OK", "plataforma": "SIN PLATAFORMA", "parroquia": "San Luis", "estado": "SIN DATO", "clave_catastral": "SIN DATO", "numero_tramite": "1184619", "OBJECTID": 140, "CODIGO": 153, "ORIG_FID": 139, "fuente_inf": null, "valor_unid": 0.0, "unidad_are": null, "actualizad": null, "fecha_actu": null }, "geometry": { "type": "Point", "coordinates": [ -78.632254653735288, -1.70301252578813 ] } },
{ "type": "Feature", "properties": { "id_tramite": "141", "tipo_tramite": "IPRUS", "fecha_ingreso": "2026-06-10", "fecha_ingreso_original": "10-06-2026", "calidad_fecha": "OK", "plataforma": "M", "parroquia": "Riobamba", "estado": "SIN DATO", "clave_catastral": "SIN DATO", "numero_tramite": "1184626", "OBJECTID": 141, "CODIGO": 154, "ORIG_FID": 140, "fuente_inf": null, "valor_unid": 0.0, "unidad_are": null, "actualizad": null, "fecha_actu": null }, "geometry": { "type": "Point", "coordinates": [ -78.642608220678241, -1.665498278778688 ] } },
{ "type": "Feature", "properties": { "id_tramite": "142", "tipo_tramite": "IPRUS", "fecha_ingreso": "2026-06-10", "fecha_ingreso_original": "10-06-2026", "calidad_fecha": "OK", "plataforma": "SIN PLATAFORMA", "parroquia": "Riobamba", "estado": "SIN DATO", "clave_catastral": "SIN DATO", "numero_tramite": "1184867", "OBJECTID": 142, "CODIGO": 155, "ORIG_FID": 141, "fuente_inf": null, "valor_unid": 0.0, "unidad_are": null, "actualizad": null, "fecha_actu": null }, "geometry": { "type": "Point", "coordinates": [ -78.660884341981998, -1.644543789067402 ] } },
{ "type": "Feature", "properties": { "id_tramite": "143", "tipo_tramite": "IPRUS", "fecha_ingreso": "2026-06-10", "fecha_ingreso_original": "10-06-2026", "calidad_fecha": "OK", "plataforma": "M", "parroquia": "Riobamba", "estado": "SIN DATO", "clave_catastral": "SIN DATO", "numero_tramite": "1184923", "OBJECTID": 143, "CODIGO": 156, "ORIG_FID": 142, "fuente_inf": null, "valor_unid": 0.0, "unidad_are": null, "actualizad": null, "fecha_actu": null }, "geometry": { "type": "Point", "coordinates": [ -78.640700435290668, -1.656141431747657 ] } },
{ "type": "Feature", "properties": { "id_tramite": "144", "tipo_tramite": "IPRUS", "fecha_ingreso": "2026-06-10", "fecha_ingreso_original": "10-06-2026", "calidad_fecha": "OK", "plataforma": "C", "parroquia": "Riobamba", "estado": "SIN DATO", "clave_catastral": "SIN DATO", "numero_tramite": "1184996", "OBJECTID": 144, "CODIGO": 157, "ORIG_FID": 143, "fuente_inf": null, "valor_unid": 0.0, "unidad_are": null, "actualizad": null, "fecha_actu": null }, "geometry": { "type": "Point", "coordinates": [ -78.680313590935128, -1.640983507841947 ] } },
{ "type": "Feature", "properties": { "id_tramite": "145", "tipo_tramite": "IPRUS", "fecha_ingreso": "2026-06-10", "fecha_ingreso_original": "10-06-2026", "calidad_fecha": "OK", "plataforma": "B", "parroquia": "Riobamba", "estado": "SIN DATO", "clave_catastral": "SIN DATO", "numero_tramite": "1185317", "OBJECTID": 145, "CODIGO": 158, "ORIG_FID": 144, "fuente_inf": null, "valor_unid": 0.0, "unidad_are": null, "actualizad": null, "fecha_actu": null }, "geometry": { "type": "Point", "coordinates": [ -78.679050746959646, -1.632164503569833 ] } },
{ "type": "Feature", "properties": { "id_tramite": "146", "tipo_tramite": "EXCEDENTES", "fecha_ingreso": "2026-06-11", "fecha_ingreso_original": "11-06-2026", "calidad_fecha": "OK", "plataforma": "SIN PLATAFORMA", "parroquia": "Riobamba", "estado": "SIN DATO", "clave_catastral": "SIN DATO", "numero_tramite": "1184180", "OBJECTID": 146, "CODIGO": 159, "ORIG_FID": 145, "fuente_inf": null, "valor_unid": 0.0, "unidad_are": null, "actualizad": null, "fecha_actu": null }, "geometry": { "type": "Point", "coordinates": [ -78.652780942067224, -1.693044046921052 ] } },
{ "type": "Feature", "properties": { "id_tramite": "147", "tipo_tramite": "IPRUS", "fecha_ingreso": "2026-06-11", "fecha_ingreso_original": "11-06-2026", "calidad_fecha": "OK", "plataforma": "C", "parroquia": "Riobamba", "estado": "SIN DATO", "clave_catastral": "SIN DATO", "numero_tramite": "1185380", "OBJECTID": 147, "CODIGO": 160, "ORIG_FID": 146, "fuente_inf": null, "valor_unid": 0.0, "unidad_are": null, "actualizad": null, "fecha_actu": null }, "geometry": { "type": "Point", "coordinates": [ -78.684493914572926, -1.645679179231261 ] } },
{ "type": "Feature", "properties": { "id_tramite": "148", "tipo_tramite": "IPRUS", "fecha_ingreso": "2026-06-11", "fecha_ingreso_original": "11-06-2026", "calidad_fecha": "OK", "plataforma": "Ñ", "parroquia": "Riobamba", "estado": "SIN DATO", "clave_catastral": "SIN DATO", "numero_tramite": "1185449", "OBJECTID": 148, "CODIGO": 161, "ORIG_FID": 147, "fuente_inf": null, "valor_unid": 0.0, "unidad_are": null, "actualizad": null, "fecha_actu": null }, "geometry": { "type": "Point", "coordinates": [ -78.645420972203127, -1.677888805116502 ] } },
{ "type": "Feature", "properties": { "id_tramite": "149", "tipo_tramite": "EXCEDENTES", "fecha_ingreso": "2026-06-11", "fecha_ingreso_original": "11-06-2026", "calidad_fecha": "OK", "plataforma": "SIN PLATAFORMA", "parroquia": "Riobamba", "estado": "SIN DATO", "clave_catastral": "SIN DATO", "numero_tramite": "1184024", "OBJECTID": 149, "CODIGO": 162, "ORIG_FID": 148, "fuente_inf": null, "valor_unid": 0.0, "unidad_are": null, "actualizad": null, "fecha_actu": null }, "geometry": { "type": "Point", "coordinates": [ -78.68608882025498, -1.679886300011018 ] } },
{ "type": "Feature", "properties": { "id_tramite": "150", "tipo_tramite": "EXCEDENTES", "fecha_ingreso": "2026-06-11", "fecha_ingreso_original": "11-06-2026", "calidad_fecha": "OK", "plataforma": "SIN PLATAFORMA", "parroquia": "Riobamba", "estado": "SIN DATO", "clave_catastral": "SIN DATO", "numero_tramite": "1185091", "OBJECTID": 150, "CODIGO": 163, "ORIG_FID": 149, "fuente_inf": null, "valor_unid": 0.0, "unidad_are": null, "actualizad": null, "fecha_actu": null }, "geometry": { "type": "Point", "coordinates": [ -78.619081477090006, -1.652397010939338 ] } },
{ "type": "Feature", "properties": { "id_tramite": "151", "tipo_tramite": "IPRUS", "fecha_ingreso": "2026-06-11", "fecha_ingreso_original": "11-06-2026", "calidad_fecha": "OK", "plataforma": "D", "parroquia": "Riobamba", "estado": "SIN DATO", "clave_catastral": "SIN DATO", "numero_tramite": "1185611", "OBJECTID": 151, "CODIGO": 164, "ORIG_FID": 150, "fuente_inf": null, "valor_unid": 0.0, "unidad_are": null, "actualizad": null, "fecha_actu": null }, "geometry": { "type": "Point", "coordinates": [ -78.681075683571649, -1.660679815730453 ] } },
{ "type": "Feature", "properties": { "id_tramite": "152", "tipo_tramite": "IPRUS", "fecha_ingreso": "2026-06-11", "fecha_ingreso_original": "11-06-2026", "calidad_fecha": "OK", "plataforma": "SIN PLATAFORMA", "parroquia": "San Luis", "estado": "SIN DATO", "clave_catastral": "SIN DATO", "numero_tramite": "1185834", "OBJECTID": 152, "CODIGO": 165, "ORIG_FID": 151, "fuente_inf": null, "valor_unid": 0.0, "unidad_are": null, "actualizad": null, "fecha_actu": null }, "geometry": { "type": "Point", "coordinates": [ -78.626972091542157, -1.692061708752494 ] } },
{ "type": "Feature", "properties": { "id_tramite": "153", "tipo_tramite": "IPRUS", "fecha_ingreso": "2026-06-11", "fecha_ingreso_original": "11-06-2026", "calidad_fecha": "OK", "plataforma": "B", "parroquia": "Riobamba", "estado": "SIN DATO", "clave_catastral": "SIN DATO", "numero_tramite": "1185873", "OBJECTID": 153, "CODIGO": 166, "ORIG_FID": 152, "fuente_inf": null, "valor_unid": 0.0, "unidad_are": null, "actualizad": null, "fecha_actu": null }, "geometry": { "type": "Point", "coordinates": [ -78.676965922872782, -1.640603503921004 ] } },
{ "type": "Feature", "properties": { "id_tramite": "154", "tipo_tramite": "IPRUS", "fecha_ingreso": "2026-06-11", "fecha_ingreso_original": "11-06-2026", "calidad_fecha": "OK", "plataforma": "Ñ", "parroquia": "Riobamba", "estado": "SIN DATO", "clave_catastral": "SIN DATO", "numero_tramite": "1186086", "OBJECTID": 154, "CODIGO": 167, "ORIG_FID": 153, "fuente_inf": null, "valor_unid": 0.0, "unidad_are": null, "actualizad": null, "fecha_actu": null }, "geometry": { "type": "Point", "coordinates": [ -78.650060449352608, -1.684504583004275 ] } },
{ "type": "Feature", "properties": { "id_tramite": "155", "tipo_tramite": "EXCEDENTES", "fecha_ingreso": "2026-06-11", "fecha_ingreso_original": "11-06-2026", "calidad_fecha": "OK", "plataforma": "SIN PLATAFORMA", "parroquia": "Riobamba", "estado": "SIN DATO", "clave_catastral": "SIN DATO", "numero_tramite": "1185768", "OBJECTID": 155, "CODIGO": 168, "ORIG_FID": 154, "fuente_inf": null, "valor_unid": 0.0, "unidad_are": null, "actualizad": null, "fecha_actu": null }, "geometry": { "type": "Point", "coordinates": [ -78.633077879253023, -1.659280143606549 ] } },
{ "type": "Feature", "properties": { "id_tramite": "156", "tipo_tramite": "IPRUS", "fecha_ingreso": "2026-06-11", "fecha_ingreso_original": "11-06-2026", "calidad_fecha": "OK", "plataforma": "SIN PLATAFORMA", "parroquia": "Riobamba", "estado": "SIN DATO", "clave_catastral": "SIN DATO", "numero_tramite": "1186242", "OBJECTID": 156, "CODIGO": 169, "ORIG_FID": 155, "fuente_inf": null, "valor_unid": 0.0, "unidad_are": null, "actualizad": null, "fecha_actu": null }, "geometry": { "type": "Point", "coordinates": [ -78.62305684171757, -1.687887069969079 ] } },
{ "type": "Feature", "properties": { "id_tramite": "157", "tipo_tramite": "IPRUS", "fecha_ingreso": "2026-06-11", "fecha_ingreso_original": "11-06-2026", "calidad_fecha": "OK", "plataforma": "O", "parroquia": "Riobamba", "estado": "SIN DATO", "clave_catastral": "SIN DATO", "numero_tramite": "1186289", "OBJECTID": 157, "CODIGO": 170, "ORIG_FID": 156, "fuente_inf": null, "valor_unid": 0.0, "unidad_are": null, "actualizad": null, "fecha_actu": null }, "geometry": { "type": "Point", "coordinates": [ -78.631503747588383, -1.675535251734398 ] } },
{ "type": "Feature", "properties": { "id_tramite": "158", "tipo_tramite": "IPRUS", "fecha_ingreso": "2026-06-11", "fecha_ingreso_original": "11-06-2026", "calidad_fecha": "OK", "plataforma": "L", "parroquia": "Riobamba", "estado": "SIN DATO", "clave_catastral": "SIN DATO", "numero_tramite": "1186529", "OBJECTID": 158, "CODIGO": 171, "ORIG_FID": 157, "fuente_inf": null, "valor_unid": 0.0, "unidad_are": null, "actualizad": null, "fecha_actu": null }, "geometry": { "type": "Point", "coordinates": [ -78.645542467257684, -1.648401760753182 ] } },
{ "type": "Feature", "properties": { "id_tramite": "159", "tipo_tramite": "IPRUS", "fecha_ingreso": "2026-06-12", "fecha_ingreso_original": "12-06-2026", "calidad_fecha": "OK", "plataforma": "A", "parroquia": "Riobamba", "estado": "SIN DATO", "clave_catastral": "SIN DATO", "numero_tramite": "1186666", "OBJECTID": 159, "CODIGO": 172, "ORIG_FID": 158, "fuente_inf": null, "valor_unid": 0.0, "unidad_are": null, "actualizad": null, "fecha_actu": null }, "geometry": { "type": "Point", "coordinates": [ -78.685110221366799, -1.630143180153884 ] } },
{ "type": "Feature", "properties": { "id_tramite": "160", "tipo_tramite": "IPRUS", "fecha_ingreso": "2026-06-12", "fecha_ingreso_original": "12-06-2026", "calidad_fecha": "OK", "plataforma": "G", "parroquia": "Riobamba", "estado": "SIN DATO", "clave_catastral": "SIN DATO", "numero_tramite": "1186969", "OBJECTID": 160, "CODIGO": 173, "ORIG_FID": 159, "fuente_inf": null, "valor_unid": 0.0, "unidad_are": null, "actualizad": null, "fecha_actu": null }, "geometry": { "type": "Point", "coordinates": [ -78.660996929933077, -1.650145159877697 ] } },
{ "type": "Feature", "properties": { "id_tramite": "161", "tipo_tramite": "IPRUS", "fecha_ingreso": "2026-06-16", "fecha_ingreso_original": "16-06-2026", "calidad_fecha": "OK", "plataforma": "F", "parroquia": "Riobamba", "estado": "SIN DATO", "clave_catastral": "SIN DATO", "numero_tramite": "1188349", "OBJECTID": 161, "CODIGO": 174, "ORIG_FID": 160, "fuente_inf": null, "valor_unid": 0.0, "unidad_are": null, "actualizad": null, "fecha_actu": null }, "geometry": { "type": "Point", "coordinates": [ -78.67286203598033, -1.658416582989164 ] } },
{ "type": "Feature", "properties": { "id_tramite": "162", "tipo_tramite": "IPRUS", "fecha_ingreso": "2026-06-16", "fecha_ingreso_original": "16-06-2026", "calidad_fecha": "OK", "plataforma": "B", "parroquia": "Riobamba", "estado": "SIN DATO", "clave_catastral": "SIN DATO", "numero_tramite": "1187219", "OBJECTID": 162, "CODIGO": 175, "ORIG_FID": 161, "fuente_inf": null, "valor_unid": 0.0, "unidad_are": null, "actualizad": null, "fecha_actu": null }, "geometry": { "type": "Point", "coordinates": [ -78.668068646434577, -1.640101329383841 ] } },
{ "type": "Feature", "properties": { "id_tramite": "164", "tipo_tramite": "IPRUS", "fecha_ingreso": "2026-06-16", "fecha_ingreso_original": "16-06-2026", "calidad_fecha": "OK", "plataforma": "SIN PLATAFORMA", "parroquia": "Calpi", "estado": "SIN DATO", "clave_catastral": "SIN DATO", "numero_tramite": "1187417", "OBJECTID": 164, "CODIGO": 177, "ORIG_FID": 163, "fuente_inf": null, "valor_unid": 0.0, "unidad_are": null, "actualizad": null, "fecha_actu": null }, "geometry": { "type": "Point", "coordinates": [ -78.739027361058362, -1.649239061123173 ] } },
{ "type": "Feature", "properties": { "id_tramite": "165", "tipo_tramite": "IPRUS", "fecha_ingreso": "2026-06-16", "fecha_ingreso_original": "16-06-2026", "calidad_fecha": "OK", "plataforma": "D", "parroquia": "Riobamba", "estado": "SIN DATO", "clave_catastral": "SIN DATO", "numero_tramite": "118482", "OBJECTID": 165, "CODIGO": 178, "ORIG_FID": 164, "fuente_inf": null, "valor_unid": 0.0, "unidad_are": null, "actualizad": null, "fecha_actu": null }, "geometry": { "type": "Point", "coordinates": [ -78.690414563228686, -1.657233513405716 ] } },
{ "type": "Feature", "properties": { "id_tramite": "166", "tipo_tramite": "IPRUS", "fecha_ingreso": "2026-06-16", "fecha_ingreso_original": "16-06-2026", "calidad_fecha": "OK", "plataforma": "P", "parroquia": "Riobamba", "estado": "SIN DATO", "clave_catastral": "SIN DATO", "numero_tramite": "1187668", "OBJECTID": 166, "CODIGO": 179, "ORIG_FID": 165, "fuente_inf": null, "valor_unid": 0.0, "unidad_are": null, "actualizad": null, "fecha_actu": null }, "geometry": { "type": "Point", "coordinates": [ -78.642773535405894, -1.68565261115081 ] } },
{ "type": "Feature", "properties": { "id_tramite": "167", "tipo_tramite": "IPRUS", "fecha_ingreso": "2026-06-16", "fecha_ingreso_original": "16-06-2026", "calidad_fecha": "OK", "plataforma": "C", "parroquia": "Riobamba", "estado": "SIN DATO", "clave_catastral": "SIN DATO", "numero_tramite": "1187991", "OBJECTID": 167, "CODIGO": 180, "ORIG_FID": 166, "fuente_inf": null, "valor_unid": 0.0, "unidad_are": null, "actualizad": null, "fecha_actu": null }, "geometry": { "type": "Point", "coordinates": [ -78.684722342221562, -1.642221756412406 ] } },
{ "type": "Feature", "properties": { "id_tramite": "168", "tipo_tramite": "IPRUS", "fecha_ingreso": "2026-06-16", "fecha_ingreso_original": "16-06-2026", "calidad_fecha": "OK", "plataforma": "K", "parroquia": "Riobamba", "estado": "SIN DATO", "clave_catastral": "SIN DATO", "numero_tramite": "1188058", "OBJECTID": 168, "CODIGO": 181, "ORIG_FID": 167, "fuente_inf": null, "valor_unid": 0.0, "unidad_are": null, "actualizad": null, "fecha_actu": null }, "geometry": { "type": "Point", "coordinates": [ -78.652874141921373, -1.671503405675642 ] } },
{ "type": "Feature", "properties": { "id_tramite": "170", "tipo_tramite": "IPRUS", "fecha_ingreso": null, "fecha_ingreso_original": "1188486", "calidad_fecha": "REVISAR", "plataforma": "SIN PLATAFORMA", "parroquia": "Riobamba", "estado": "SIN DATO", "clave_catastral": "SIN DATO", "numero_tramite": "1188486", "OBJECTID": 170, "CODIGO": 183, "ORIG_FID": 169, "fuente_inf": null, "valor_unid": 0.0, "unidad_are": null, "actualizad": null, "fecha_actu": null }, "geometry": { "type": "Point", "coordinates": [ -78.675237128907213, -1.666734011307818 ] } },
{ "type": "Feature", "properties": { "id_tramite": "171", "tipo_tramite": "IPRUS", "fecha_ingreso": "2026-06-16", "fecha_ingreso_original": "16-06-2026", "calidad_fecha": "OK", "plataforma": "SIN PLATAFORMA", "parroquia": "Riobamba", "estado": "SIN DATO", "clave_catastral": "SIN DATO", "numero_tramite": "1188493", "OBJECTID": 171, "CODIGO": 184, "ORIG_FID": 170, "fuente_inf": null, "valor_unid": 0.0, "unidad_are": null, "actualizad": null, "fecha_actu": null }, "geometry": { "type": "Point", "coordinates": [ -78.675085388372409, -1.666789127157756 ] } },
{ "type": "Feature", "properties": { "id_tramite": "172", "tipo_tramite": "IPRUS", "fecha_ingreso": "2026-06-16", "fecha_ingreso_original": "16-06-2026", "calidad_fecha": "OK", "plataforma": "SIN PLATAFORMA", "parroquia": "Riobamba", "estado": "SIN DATO", "clave_catastral": "SIN DATO", "numero_tramite": "1188502", "OBJECTID": 172, "CODIGO": 185, "ORIG_FID": 171, "fuente_inf": null, "valor_unid": 0.0, "unidad_are": null, "actualizad": null, "fecha_actu": null }, "geometry": { "type": "Point", "coordinates": [ -78.674844495112936, -1.666871099888074 ] } },
{ "type": "Feature", "properties": { "id_tramite": "173", "tipo_tramite": "IPRUS", "fecha_ingreso": "2026-06-16", "fecha_ingreso_original": "16-06-2026", "calidad_fecha": "OK", "plataforma": "Q", "parroquia": "Riobamba", "estado": "SIN DATO", "clave_catastral": "SIN DATO", "numero_tramite": "1188604", "OBJECTID": 173, "CODIGO": 186, "ORIG_FID": 172, "fuente_inf": null, "valor_unid": 0.0, "unidad_are": null, "actualizad": null, "fecha_actu": null }, "geometry": { "type": "Point", "coordinates": [ -78.629204205183825, -1.685201295397458 ] } },
{ "type": "Feature", "properties": { "id_tramite": "174", "tipo_tramite": "IPRUS", "fecha_ingreso": "2023-06-16", "fecha_ingreso_original": "16-06-2023", "calidad_fecha": "OK", "plataforma": "I", "parroquia": "Riobamba", "estado": "SIN DATO", "clave_catastral": "SIN DATO", "numero_tramite": "1187991", "OBJECTID": 174, "CODIGO": 187, "ORIG_FID": 173, "fuente_inf": null, "valor_unid": 0.0, "unidad_are": null, "actualizad": null, "fecha_actu": null }, "geometry": { "type": "Point", "coordinates": [ -78.65168289307563, -1.665434141127318 ] } },
{ "type": "Feature", "properties": { "id_tramite": "175", "tipo_tramite": "IPRUS", "fecha_ingreso": "2026-06-16", "fecha_ingreso_original": "16-06-2026", "calidad_fecha": "OK", "plataforma": "O", "parroquia": "Riobamba", "estado": "SIN DATO", "clave_catastral": "SIN DATO", "numero_tramite": "1188833", "OBJECTID": 175, "CODIGO": 188, "ORIG_FID": 174, "fuente_inf": null, "valor_unid": 0.0, "unidad_are": null, "actualizad": null, "fecha_actu": null }, "geometry": { "type": "Point", "coordinates": [ -78.643082048843311, -1.674553100960324 ] } },
{ "type": "Feature", "properties": { "id_tramite": "176", "tipo_tramite": "IPRUS", "fecha_ingreso": "2026-06-16", "fecha_ingreso_original": "16-06-2026", "calidad_fecha": "OK", "plataforma": "I", "parroquia": "Riobamba", "estado": "SIN DATO", "clave_catastral": "SIN DATO", "numero_tramite": "1189049", "OBJECTID": 176, "CODIGO": 189, "ORIG_FID": 175, "fuente_inf": null, "valor_unid": 0.0, "unidad_are": null, "actualizad": null, "fecha_actu": null }, "geometry": { "type": "Point", "coordinates": [ -78.65947138075839, -1.66074901869367 ] } },
{ "type": "Feature", "properties": { "id_tramite": "177", "tipo_tramite": "EXCEDENTES", "fecha_ingreso": "2026-06-16", "fecha_ingreso_original": "16-06-2026", "calidad_fecha": "OK", "plataforma": "Ñ", "parroquia": "Riobamba", "estado": "SIN DATO", "clave_catastral": "SIN DATO", "numero_tramite": "1187186", "OBJECTID": 177, "CODIGO": 190, "ORIG_FID": 176, "fuente_inf": null, "valor_unid": 0.0, "unidad_are": null, "actualizad": null, "fecha_actu": null }, "geometry": { "type": "Point", "coordinates": [ -78.646078622420262, -1.679681727748623 ] } },
{ "type": "Feature", "properties": { "id_tramite": "178", "tipo_tramite": "EXCEDENTES", "fecha_ingreso": "2026-06-16", "fecha_ingreso_original": "16-06-2026", "calidad_fecha": "OK", "plataforma": "SIN PLATAFORMA", "parroquia": "Licán", "estado": "SIN DATO", "clave_catastral": "SIN DATO", "numero_tramite": "1187396", "OBJECTID": 178, "CODIGO": 191, "ORIG_FID": 177, "fuente_inf": null, "valor_unid": 0.0, "unidad_are": null, "actualizad": null, "fecha_actu": null }, "geometry": { "type": "Point", "coordinates": [ -78.692100022612209, -1.646847116262028 ] } },
{ "type": "Feature", "properties": { "id_tramite": "179", "tipo_tramite": "EXCEDENTES", "fecha_ingreso": "2026-06-16", "fecha_ingreso_original": "16-06-2026", "calidad_fecha": "OK", "plataforma": "M", "parroquia": "Riobamba", "estado": "SIN DATO", "clave_catastral": "SIN DATO", "numero_tramite": "1188173", "OBJECTID": 179, "CODIGO": 192, "ORIG_FID": 178, "fuente_inf": null, "valor_unid": 0.0, "unidad_are": null, "actualizad": null, "fecha_actu": null }, "geometry": { "type": "Point", "coordinates": [ -78.640899843640184, -1.655380834132961 ] } },
{ "type": "Feature", "properties": { "id_tramite": "180", "tipo_tramite": "IPRUS", "fecha_ingreso": "2026-06-16", "fecha_ingreso_original": "16-06-2026", "calidad_fecha": "OK", "plataforma": "SIN PLATAFORMA", "parroquia": "San Luis", "estado": "SIN DATO", "clave_catastral": "SIN DATO", "numero_tramite": "1189173", "OBJECTID": 180, "CODIGO": 193, "ORIG_FID": 179, "fuente_inf": null, "valor_unid": 0.0, "unidad_are": null, "actualizad": null, "fecha_actu": null }, "geometry": { "type": "Point", "coordinates": [ -78.627867277920757, -1.69484217561019 ] } },
{ "type": "Feature", "properties": { "id_tramite": "181", "tipo_tramite": "IPRUS", "fecha_ingreso": "2026-06-16", "fecha_ingreso_original": "16-06-2026", "calidad_fecha": "OK", "plataforma": "M", "parroquia": "Riobamba", "estado": "SIN DATO", "clave_catastral": "SIN DATO", "numero_tramite": "1189297", "OBJECTID": 181, "CODIGO": 194, "ORIG_FID": 180, "fuente_inf": null, "valor_unid": 0.0, "unidad_are": null, "actualizad": null, "fecha_actu": null }, "geometry": { "type": "Point", "coordinates": [ -78.643491127966101, -1.663190685526119 ] } },
{ "type": "Feature", "properties": { "id_tramite": "182", "tipo_tramite": "IPRUS", "fecha_ingreso": "2026-06-18", "fecha_ingreso_original": "18-06-2026", "calidad_fecha": "OK", "plataforma": "Q", "parroquia": "Riobamba", "estado": "SIN DATO", "clave_catastral": "SIN DATO", "numero_tramite": "1190180", "OBJECTID": 182, "CODIGO": 195, "ORIG_FID": 181, "fuente_inf": null, "valor_unid": 0.0, "unidad_are": null, "actualizad": null, "fecha_actu": null }, "geometry": { "type": "Point", "coordinates": [ -78.630723321239742, -1.67479275303645 ] } },
{ "type": "Feature", "properties": { "id_tramite": "183", "tipo_tramite": "IPRUS", "fecha_ingreso": "2026-06-18", "fecha_ingreso_original": "18-06-2026", "calidad_fecha": "OK", "plataforma": "F", "parroquia": "Riobamba", "estado": "SIN DATO", "clave_catastral": "SIN DATO", "numero_tramite": "1190437", "OBJECTID": 183, "CODIGO": 196, "ORIG_FID": 182, "fuente_inf": null, "valor_unid": 0.0, "unidad_are": null, "actualizad": null, "fecha_actu": null }, "geometry": { "type": "Point", "coordinates": [ -78.673221452047002, -1.658137293453611 ] } },
{ "type": "Feature", "properties": { "id_tramite": "184", "tipo_tramite": "IPRUS", "fecha_ingreso": "2026-06-18", "fecha_ingreso_original": "18-06-2026", "calidad_fecha": "OK", "plataforma": "D", "parroquia": "Riobamba", "estado": "SIN DATO", "clave_catastral": "SIN DATO", "numero_tramite": "1190481", "OBJECTID": 184, "CODIGO": 197, "ORIG_FID": 183, "fuente_inf": null, "valor_unid": 0.0, "unidad_are": null, "actualizad": null, "fecha_actu": null }, "geometry": { "type": "Point", "coordinates": [ -78.6934382018581, -1.659307065732228 ] } },
{ "type": "Feature", "properties": { "id_tramite": "185", "tipo_tramite": "IPRUS", "fecha_ingreso": "2026-06-18", "fecha_ingreso_original": "18-06-2026", "calidad_fecha": "OK", "plataforma": "O", "parroquia": "Riobamba", "estado": "SIN DATO", "clave_catastral": "SIN DATO", "numero_tramite": "1190556", "OBJECTID": 185, "CODIGO": 198, "ORIG_FID": 184, "fuente_inf": null, "valor_unid": 0.0, "unidad_are": null, "actualizad": null, "fecha_actu": null }, "geometry": { "type": "Point", "coordinates": [ -78.635096787353817, -1.667299704795043 ] } },
{ "type": "Feature", "properties": { "id_tramite": "186", "tipo_tramite": "IPRUS", "fecha_ingreso": "2026-06-18", "fecha_ingreso_original": "18-06-2026", "calidad_fecha": "OK", "plataforma": "O", "parroquia": "Riobamba", "estado": "SIN DATO", "clave_catastral": "SIN DATO", "numero_tramite": "1190558", "OBJECTID": 186, "CODIGO": 199, "ORIG_FID": 185, "fuente_inf": null, "valor_unid": 0.0, "unidad_are": null, "actualizad": null, "fecha_actu": null }, "geometry": { "type": "Point", "coordinates": [ -78.632829431196384, -1.675386552639164 ] } },
{ "type": "Feature", "properties": { "id_tramite": "187", "tipo_tramite": "IPRUS", "fecha_ingreso": "2026-06-18", "fecha_ingreso_original": "18-06-2026", "calidad_fecha": "OK", "plataforma": "N", "parroquia": "Riobamba", "estado": "SIN DATO", "clave_catastral": "SIN DATO", "numero_tramite": "1190638", "OBJECTID": 187, "CODIGO": 200, "ORIG_FID": 186, "fuente_inf": null, "valor_unid": 0.0, "unidad_are": null, "actualizad": null, "fecha_actu": null }, "geometry": { "type": "Point", "coordinates": [ -78.676098070983755, -1.69413196201456 ] } },
{ "type": "Feature", "properties": { "id_tramite": "188", "tipo_tramite": "IPRUS", "fecha_ingreso": "2026-06-18", "fecha_ingreso_original": "18-06-2026", "calidad_fecha": "OK", "plataforma": "L", "parroquia": "Riobamba", "estado": "SIN DATO", "clave_catastral": "SIN DATO", "numero_tramite": "1190810", "OBJECTID": 188, "CODIGO": 201, "ORIG_FID": 187, "fuente_inf": null, "valor_unid": 0.0, "unidad_are": null, "actualizad": null, "fecha_actu": null }, "geometry": { "type": "Point", "coordinates": [ -78.649381407657842, -1.651535323259266 ] } },
{ "type": "Feature", "properties": { "id_tramite": "189", "tipo_tramite": "EXCEDENTES", "fecha_ingreso": "2026-06-18", "fecha_ingreso_original": "18-06-2026", "calidad_fecha": "OK", "plataforma": "G", "parroquia": "Riobamba", "estado": "SIN DATO", "clave_catastral": "SIN DATO", "numero_tramite": "1189359", "OBJECTID": 189, "CODIGO": 202, "ORIG_FID": 188, "fuente_inf": null, "valor_unid": 0.0, "unidad_are": null, "actualizad": null, "fecha_actu": null }, "geometry": { "type": "Point", "coordinates": [ -78.661678446226958, -1.652414693180981 ] } },
{ "type": "Feature", "properties": { "id_tramite": "190", "tipo_tramite": "EXCEDENTES", "fecha_ingreso": "2026-06-18", "fecha_ingreso_original": "18-06-2026", "calidad_fecha": "OK", "plataforma": "K", "parroquia": "Riobamba", "estado": "SIN DATO", "clave_catastral": "SIN DATO", "numero_tramite": "1189717", "OBJECTID": 190, "CODIGO": 203, "ORIG_FID": 189, "fuente_inf": null, "valor_unid": 0.0, "unidad_are": null, "actualizad": null, "fecha_actu": null }, "geometry": { "type": "Point", "coordinates": [ -78.654198750906929, -1.67190521889699 ] } },
{ "type": "Feature", "properties": { "id_tramite": "191", "tipo_tramite": "EXCEDENTES", "fecha_ingreso": "2026-06-18", "fecha_ingreso_original": "18-06-2026", "calidad_fecha": "OK", "plataforma": "SIN PLATAFORMA", "parroquia": "Licán", "estado": "SIN DATO", "clave_catastral": "SIN DATO", "numero_tramite": "1190669", "OBJECTID": 191, "CODIGO": 204, "ORIG_FID": 190, "fuente_inf": null, "valor_unid": 0.0, "unidad_are": null, "actualizad": null, "fecha_actu": null }, "geometry": { "type": "Point", "coordinates": [ -78.692645255353639, -1.663284322797419 ] } },
{ "type": "Feature", "properties": { "id_tramite": "192", "tipo_tramite": "EXCEDENTES", "fecha_ingreso": "2026-06-18", "fecha_ingreso_original": "18-06-2026", "calidad_fecha": "OK", "plataforma": "P", "parroquia": "Riobamba", "estado": "SIN DATO", "clave_catastral": "SIN DATO", "numero_tramite": "1190848", "OBJECTID": 192, "CODIGO": 205, "ORIG_FID": 191, "fuente_inf": null, "valor_unid": 0.0, "unidad_are": null, "actualizad": null, "fecha_actu": null }, "geometry": { "type": "Point", "coordinates": [ -78.646891161319957, -1.686352017642332 ] } },
{ "type": "Feature", "properties": { "id_tramite": "193", "tipo_tramite": "EXCEDENTES", "fecha_ingreso": "2026-06-18", "fecha_ingreso_original": "18-06-2026", "calidad_fecha": "OK", "plataforma": "P", "parroquia": "Riobamba", "estado": "SIN DATO", "clave_catastral": "SIN DATO", "numero_tramite": "1190855", "OBJECTID": 193, "CODIGO": 206, "ORIG_FID": 192, "fuente_inf": null, "valor_unid": 0.0, "unidad_are": null, "actualizad": null, "fecha_actu": null }, "geometry": { "type": "Point", "coordinates": [ -78.64698147569537, -1.686353324383445 ] } },
{ "type": "Feature", "properties": { "id_tramite": "194", "tipo_tramite": "IPRUS", "fecha_ingreso": "2026-06-18", "fecha_ingreso_original": "18-06-2026", "calidad_fecha": "OK", "plataforma": "SIN PLATAFORMA", "parroquia": "Riobamba", "estado": "SIN DATO", "clave_catastral": "SIN DATO", "numero_tramite": "1190953", "OBJECTID": 194, "CODIGO": 207, "ORIG_FID": 193, "fuente_inf": null, "valor_unid": 0.0, "unidad_are": null, "actualizad": null, "fecha_actu": null }, "geometry": { "type": "Point", "coordinates": [ -78.623975119333153, -1.662390214745131 ] } },
{ "type": "Feature", "properties": { "id_tramite": "195", "tipo_tramite": "IPRUS", "fecha_ingreso": "2026-06-18", "fecha_ingreso_original": "18-06-2026", "calidad_fecha": "OK", "plataforma": "B", "parroquia": "Riobamba", "estado": "SIN DATO", "clave_catastral": "SIN DATO", "numero_tramite": "1191075", "OBJECTID": 195, "CODIGO": 208, "ORIG_FID": 194, "fuente_inf": null, "valor_unid": 0.0, "unidad_are": null, "actualizad": null, "fecha_actu": null }, "geometry": { "type": "Point", "coordinates": [ -78.668854863245684, -1.640691092928467 ] } },
{ "type": "Feature", "properties": { "id_tramite": "196", "tipo_tramite": "IPRUS", "fecha_ingreso": "2026-06-19", "fecha_ingreso_original": "19-06-2026", "calidad_fecha": "OK", "plataforma": "SIN PLATAFORMA", "parroquia": "Riobamba", "estado": "SIN DATO", "clave_catastral": "SIN DATO", "numero_tramite": "1191291", "OBJECTID": 196, "CODIGO": 209, "ORIG_FID": 195, "fuente_inf": null, "valor_unid": 0.0, "unidad_are": null, "actualizad": null, "fecha_actu": null }, "geometry": { "type": "Point", "coordinates": [ -78.637092320303324, -1.645374284047566 ] } },
{ "type": "Feature", "properties": { "id_tramite": "197", "tipo_tramite": "IPRUS", "fecha_ingreso": "2026-06-19", "fecha_ingreso_original": "19-06-2026", "calidad_fecha": "OK", "plataforma": "SIN PLATAFORMA", "parroquia": "Riobamba", "estado": "SIN DATO", "clave_catastral": "SIN DATO", "numero_tramite": "1191269", "OBJECTID": 197, "CODIGO": 210, "ORIG_FID": 196, "fuente_inf": null, "valor_unid": 0.0, "unidad_are": null, "actualizad": null, "fecha_actu": null }, "geometry": { "type": "Point", "coordinates": [ -78.657802337644128, -1.683929091113013 ] } },
{ "type": "Feature", "properties": { "id_tramite": "198", "tipo_tramite": "IPRUS", "fecha_ingreso": "2026-06-19", "fecha_ingreso_original": "19-06-2026", "calidad_fecha": "OK", "plataforma": "G", "parroquia": "Riobamba", "estado": "SIN DATO", "clave_catastral": "SIN DATO", "numero_tramite": "1191360", "OBJECTID": 198, "CODIGO": 211, "ORIG_FID": 197, "fuente_inf": null, "valor_unid": 0.0, "unidad_are": null, "actualizad": null, "fecha_actu": null }, "geometry": { "type": "Point", "coordinates": [ -78.668457987191189, -1.648523969097232 ] } },
{ "type": "Feature", "properties": { "id_tramite": "199", "tipo_tramite": "IPRUS", "fecha_ingreso": "2026-06-19", "fecha_ingreso_original": "19-06-2026", "calidad_fecha": "OK", "plataforma": "D", "parroquia": "Riobamba", "estado": "SIN DATO", "clave_catastral": "SIN DATO", "numero_tramite": "1191462", "OBJECTID": 199, "CODIGO": 212, "ORIG_FID": 198, "fuente_inf": null, "valor_unid": 0.0, "unidad_are": null, "actualizad": null, "fecha_actu": null }, "geometry": { "type": "Point", "coordinates": [ -78.680867947399307, -1.657823147764075 ] } },
{ "type": "Feature", "properties": { "id_tramite": "200", "tipo_tramite": "IPRUS", "fecha_ingreso": null, "fecha_ingreso_original": "19-06-20026", "calidad_fecha": "REVISAR", "plataforma": "SIN PLATAFORMA", "parroquia": "Riobamba", "estado": "SIN DATO", "clave_catastral": "SIN DATO", "numero_tramite": "111697", "OBJECTID": 200, "CODIGO": 213, "ORIG_FID": 199, "fuente_inf": null, "valor_unid": 0.0, "unidad_are": null, "actualizad": null, "fecha_actu": null }, "geometry": { "type": "Point", "coordinates": [ -78.633527024109952, -1.653593375418217 ] } },
{ "type": "Feature", "properties": { "id_tramite": "201", "tipo_tramite": "IPRUS", "fecha_ingreso": "2026-06-19", "fecha_ingreso_original": "19-06-2026", "calidad_fecha": "OK", "plataforma": "SIN PLATAFORMA", "parroquia": "San Luis", "estado": "SIN DATO", "clave_catastral": "SIN DATO", "numero_tramite": "1191723", "OBJECTID": 201, "CODIGO": 214, "ORIG_FID": 200, "fuente_inf": null, "valor_unid": 0.0, "unidad_are": null, "actualizad": null, "fecha_actu": null }, "geometry": { "type": "Point", "coordinates": [ -78.641923330847717, -1.694361354315727 ] } },
{ "type": "Feature", "properties": { "id_tramite": "202", "tipo_tramite": "IPRUS", "fecha_ingreso": "2026-06-19", "fecha_ingreso_original": "19-06-2026", "calidad_fecha": "OK", "plataforma": "H", "parroquia": "Riobamba", "estado": "SIN DATO", "clave_catastral": "SIN DATO", "numero_tramite": "1191791", "OBJECTID": 202, "CODIGO": 215, "ORIG_FID": 201, "fuente_inf": null, "valor_unid": 0.0, "unidad_are": null, "actualizad": null, "fecha_actu": null }, "geometry": { "type": "Point", "coordinates": [ -78.674490404789736, -1.663471087268391 ] } },
{ "type": "Feature", "properties": { "id_tramite": "203", "tipo_tramite": "IPRUS", "fecha_ingreso": "2026-06-19", "fecha_ingreso_original": "19-06-2026", "calidad_fecha": "OK", "plataforma": "B", "parroquia": "Riobamba", "estado": "SIN DATO", "clave_catastral": "SIN DATO", "numero_tramite": "1191909", "OBJECTID": 203, "CODIGO": 216, "ORIG_FID": 202, "fuente_inf": null, "valor_unid": 0.0, "unidad_are": null, "actualizad": null, "fecha_actu": null }, "geometry": { "type": "Point", "coordinates": [ -78.668349053658602, -1.641000981100995 ] } },
{ "type": "Feature", "properties": { "id_tramite": "204", "tipo_tramite": "EXCEDENTES", "fecha_ingreso": "2026-06-19", "fecha_ingreso_original": "19-06-2026", "calidad_fecha": "OK", "plataforma": "SIN PLATAFORMA", "parroquia": "Licán", "estado": "SIN DATO", "clave_catastral": "SIN DATO", "numero_tramite": "1191251", "OBJECTID": 204, "CODIGO": 217, "ORIG_FID": 203, "fuente_inf": null, "valor_unid": 0.0, "unidad_are": null, "actualizad": null, "fecha_actu": null }, "geometry": { "type": "Point", "coordinates": [ -78.701123808746374, -1.660488916782344 ] } },
{ "type": "Feature", "properties": { "id_tramite": "205", "tipo_tramite": "EXCEDENTES", "fecha_ingreso": null, "fecha_ingreso_original": "2206-2026", "calidad_fecha": "REVISAR", "plataforma": "SIN PLATAFORMA", "parroquia": "San Luis", "estado": "SIN DATO", "clave_catastral": "SIN DATO", "numero_tramite": "1191961", "OBJECTID": 205, "CODIGO": 218, "ORIG_FID": 204, "fuente_inf": null, "valor_unid": 0.0, "unidad_are": null, "actualizad": null, "fecha_actu": null }, "geometry": { "type": "Point", "coordinates": [ -78.636070545695262, -1.690804812163859 ] } },
{ "type": "Feature", "properties": { "id_tramite": "206", "tipo_tramite": "IPRUS", "fecha_ingreso": null, "fecha_ingreso_original": "22-06-20026", "calidad_fecha": "REVISAR", "plataforma": "L", "parroquia": "Riobamba", "estado": "SIN DATO", "clave_catastral": "SIN DATO", "numero_tramite": "1191961", "OBJECTID": 206, "CODIGO": 219, "ORIG_FID": 205, "fuente_inf": null, "valor_unid": 0.0, "unidad_are": null, "actualizad": null, "fecha_actu": null }, "geometry": { "type": "Point", "coordinates": [ -78.644122599920621, -1.650746800526966 ] } },
{ "type": "Feature", "properties": { "id_tramite": "207", "tipo_tramite": "IPRUS", "fecha_ingreso": "2026-06-23", "fecha_ingreso_original": "23-06-2026", "calidad_fecha": "OK", "plataforma": "SIN PLATAFORMA", "parroquia": "Riobamba", "estado": "SIN DATO", "clave_catastral": "SIN DATO", "numero_tramite": "1192575", "OBJECTID": 207, "CODIGO": 220, "ORIG_FID": 206, "fuente_inf": null, "valor_unid": 0.0, "unidad_are": null, "actualizad": null, "fecha_actu": null }, "geometry": { "type": "Point", "coordinates": [ -78.672865249146071, -1.681309883020242 ] } },
{ "type": "Feature", "properties": { "id_tramite": "208", "tipo_tramite": "EXCEDENTES", "fecha_ingreso": "2026-06-23", "fecha_ingreso_original": "23-06-2026", "calidad_fecha": "OK", "plataforma": "Ñ", "parroquia": "Riobamba", "estado": "SIN DATO", "clave_catastral": "SIN DATO", "numero_tramite": "1191756", "OBJECTID": 208, "CODIGO": 221, "ORIG_FID": 207, "fuente_inf": null, "valor_unid": 0.0, "unidad_are": null, "actualizad": null, "fecha_actu": null }, "geometry": { "type": "Point", "coordinates": [ -78.647785034100821, -1.674844115448178 ] } },
{ "type": "Feature", "properties": { "id_tramite": "209", "tipo_tramite": "IPRUS", "fecha_ingreso": "2026-06-26", "fecha_ingreso_original": "26-06-2026", "calidad_fecha": "OK", "plataforma": "Q", "parroquia": "Riobamba", "estado": "SIN DATO", "clave_catastral": "SIN DATO", "numero_tramite": "1192896", "OBJECTID": 209, "CODIGO": 222, "ORIG_FID": 208, "fuente_inf": null, "valor_unid": 0.0, "unidad_are": null, "actualizad": null, "fecha_actu": null }, "geometry": { "type": "Point", "coordinates": [ -78.627443681127801, -1.682722414807048 ] } },
{ "type": "Feature", "properties": { "id_tramite": "210", "tipo_tramite": "IPRUS", "fecha_ingreso": "2026-06-23", "fecha_ingreso_original": "23-06-2026", "calidad_fecha": "OK", "plataforma": "SIN PLATAFORMA", "parroquia": "San Luis", "estado": "SIN DATO", "clave_catastral": "SIN DATO", "numero_tramite": "1193013", "OBJECTID": 210, "CODIGO": 223, "ORIG_FID": 209, "fuente_inf": null, "valor_unid": 0.0, "unidad_are": null, "actualizad": null, "fecha_actu": null }, "geometry": { "type": "Point", "coordinates": [ -78.641667466002758, -1.702884277191784 ] } },
{ "type": "Feature", "properties": { "id_tramite": "211", "tipo_tramite": "IPRUS", "fecha_ingreso": "2026-04-23", "fecha_ingreso_original": "23-04-2026", "calidad_fecha": "OK", "plataforma": "B", "parroquia": "Riobamba", "estado": "SIN DATO", "clave_catastral": "SIN DATO", "numero_tramite": "1193559", "OBJECTID": 211, "CODIGO": 224, "ORIG_FID": 210, "fuente_inf": null, "valor_unid": 0.0, "unidad_are": null, "actualizad": null, "fecha_actu": null }, "geometry": { "type": "Point", "coordinates": [ -78.678895006688379, -1.637115761259051 ] } },
{ "type": "Feature", "properties": { "id_tramite": "212", "tipo_tramite": "EXCEDENTES", "fecha_ingreso": "2026-06-23", "fecha_ingreso_original": "23-06-2026", "calidad_fecha": "OK", "plataforma": "SIN PLATAFORMA", "parroquia": "Riobamba", "estado": "SIN DATO", "clave_catastral": "SIN DATO", "numero_tramite": "1192615", "OBJECTID": 212, "CODIGO": 225, "ORIG_FID": 211, "fuente_inf": null, "valor_unid": 0.0, "unidad_are": null, "actualizad": null, "fecha_actu": null }, "geometry": { "type": "Point", "coordinates": [ -78.628833081658982, -1.669431925045478 ] } },
{ "type": "Feature", "properties": { "id_tramite": "213", "tipo_tramite": "IPRUS", "fecha_ingreso": "2026-06-23", "fecha_ingreso_original": "23-06-2026", "calidad_fecha": "OK", "plataforma": "F", "parroquia": "Riobamba", "estado": "SIN DATO", "clave_catastral": "SIN DATO", "numero_tramite": "1193677", "OBJECTID": 213, "CODIGO": 226, "ORIG_FID": 212, "fuente_inf": null, "valor_unid": 0.0, "unidad_are": null, "actualizad": null, "fecha_actu": null }, "geometry": { "type": "Point", "coordinates": [ -78.683470489690848, -1.647197694874355 ] } },
{ "type": "Feature", "properties": { "id_tramite": "214", "tipo_tramite": "IPRUS", "fecha_ingreso": "2026-06-25", "fecha_ingreso_original": "25-06-2026", "calidad_fecha": "OK", "plataforma": "SIN PLATAFORMA", "parroquia": "San Luis", "estado": "SIN DATO", "clave_catastral": "SIN DATO", "numero_tramite": "1194040", "OBJECTID": 214, "CODIGO": 227, "ORIG_FID": 213, "fuente_inf": null, "valor_unid": 0.0, "unidad_are": null, "actualizad": null, "fecha_actu": null }, "geometry": { "type": "Point", "coordinates": [ -78.645763392061241, -1.694792657728356 ] } },
{ "type": "Feature", "properties": { "id_tramite": "215", "tipo_tramite": "IPRUS", "fecha_ingreso": "2026-06-25", "fecha_ingreso_original": "25-06-2026", "calidad_fecha": "OK", "plataforma": "J", "parroquia": "Riobamba", "estado": "SIN DATO", "clave_catastral": "SIN DATO", "numero_tramite": "1194060", "OBJECTID": 215, "CODIGO": 228, "ORIG_FID": 214, "fuente_inf": null, "valor_unid": 0.0, "unidad_are": null, "actualizad": null, "fecha_actu": null }, "geometry": { "type": "Point", "coordinates": [ -78.658717891229216, -1.675167241102202 ] } },
{ "type": "Feature", "properties": { "id_tramite": "216", "tipo_tramite": "IPRUS", "fecha_ingreso": "2026-06-25", "fecha_ingreso_original": "25-06-2026", "calidad_fecha": "OK", "plataforma": "J", "parroquia": "Riobamba", "estado": "SIN DATO", "clave_catastral": "SIN DATO", "numero_tramite": "1194361", "OBJECTID": 216, "CODIGO": 229, "ORIG_FID": 215, "fuente_inf": null, "valor_unid": 0.0, "unidad_are": null, "actualizad": null, "fecha_actu": null }, "geometry": { "type": "Point", "coordinates": [ -78.657448773262615, -1.667320761330638 ] } },
{ "type": "Feature", "properties": { "id_tramite": "217", "tipo_tramite": "EXCEDENTES", "fecha_ingreso": "2026-06-25", "fecha_ingreso_original": "25-06-2026", "calidad_fecha": "OK", "plataforma": "SIN PLATAFORMA", "parroquia": "Calpi", "estado": "SIN DATO", "clave_catastral": "SIN DATO", "numero_tramite": "1193692", "OBJECTID": 217, "CODIGO": 230, "ORIG_FID": 216, "fuente_inf": null, "valor_unid": 0.0, "unidad_are": null, "actualizad": null, "fecha_actu": null }, "geometry": { "type": "Point", "coordinates": [ -78.752797978992845, -1.61875982695366 ] } },
{ "type": "Feature", "properties": { "id_tramite": "218", "tipo_tramite": "EXCEDENTES", "fecha_ingreso": "2026-06-25", "fecha_ingreso_original": "25-06-2026", "calidad_fecha": "OK", "plataforma": "SIN PLATAFORMA", "parroquia": "Calpi", "estado": "SIN DATO", "clave_catastral": "SIN DATO", "numero_tramite": "1193674", "OBJECTID": 218, "CODIGO": 231, "ORIG_FID": 217, "fuente_inf": null, "valor_unid": 0.0, "unidad_are": null, "actualizad": null, "fecha_actu": null }, "geometry": { "type": "Point", "coordinates": [ -78.752066856023646, -1.619111673811865 ] } },
{ "type": "Feature", "properties": { "id_tramite": "219", "tipo_tramite": "EXCEDENTES", "fecha_ingreso": "2026-06-25", "fecha_ingreso_original": "25-06-2026", "calidad_fecha": "OK", "plataforma": "SIN PLATAFORMA", "parroquia": "Riobamba", "estado": "SIN DATO", "clave_catastral": "SIN DATO", "numero_tramite": "1194182", "OBJECTID": 219, "CODIGO": 232, "ORIG_FID": 218, "fuente_inf": null, "valor_unid": 0.0, "unidad_are": null, "actualizad": null, "fecha_actu": null }, "geometry": { "type": "Point", "coordinates": [ -78.617829437627137, -1.656414468759421 ] } },
{ "type": "Feature", "properties": { "id_tramite": "220", "tipo_tramite": "IPRUS", "fecha_ingreso": "2026-06-29", "fecha_ingreso_original": "29-06-2026", "calidad_fecha": "OK", "plataforma": "C", "parroquia": "Riobamba", "estado": "SIN DATO", "clave_catastral": "SIN DATO", "numero_tramite": "1194750", "OBJECTID": 220, "CODIGO": 233, "ORIG_FID": 219, "fuente_inf": null, "valor_unid": 0.0, "unidad_are": null, "actualizad": null, "fecha_actu": null }, "geometry": { "type": "Point", "coordinates": [ -78.682445695125963, -1.64549131594659 ] } },
{ "type": "Feature", "properties": { "id_tramite": "221", "tipo_tramite": "IPRUS", "fecha_ingreso": "2026-06-29", "fecha_ingreso_original": "29-06-2026", "calidad_fecha": "OK", "plataforma": "K", "parroquia": "Riobamba", "estado": "SIN DATO", "clave_catastral": "SIN DATO", "numero_tramite": "1194934", "OBJECTID": 221, "CODIGO": 234, "ORIG_FID": 220, "fuente_inf": null, "valor_unid": 0.0, "unidad_are": null, "actualizad": null, "fecha_actu": null }, "geometry": { "type": "Point", "coordinates": [ -78.648988726541631, -1.66641811268772 ] } },
{ "type": "Feature", "properties": { "id_tramite": "222", "tipo_tramite": "IPRUS", "fecha_ingreso": "2026-06-29", "fecha_ingreso_original": "29-06-2026", "calidad_fecha": "OK", "plataforma": "I", "parroquia": "Riobamba", "estado": "SIN DATO", "clave_catastral": "SIN DATO", "numero_tramite": "1195007", "OBJECTID": 222, "CODIGO": 235, "ORIG_FID": 221, "fuente_inf": null, "valor_unid": 0.0, "unidad_are": null, "actualizad": null, "fecha_actu": null }, "geometry": { "type": "Point", "coordinates": [ -78.651035235274733, -1.662530068158589 ] } },
{ "type": "Feature", "properties": { "id_tramite": "223", "tipo_tramite": "IPRUS", "fecha_ingreso": "2026-06-26", "fecha_ingreso_original": "26-06-2026", "calidad_fecha": "OK", "plataforma": "C", "parroquia": "Riobamba", "estado": "SIN DATO", "clave_catastral": "SIN DATO", "numero_tramite": "1195311", "OBJECTID": 223, "CODIGO": 236, "ORIG_FID": 222, "fuente_inf": null, "valor_unid": 0.0, "unidad_are": null, "actualizad": null, "fecha_actu": null }, "geometry": { "type": "Point", "coordinates": [ -78.68527489052012, -1.643109065880254 ] } },
{ "type": "Feature", "properties": { "id_tramite": "224", "tipo_tramite": "IPRUS", "fecha_ingreso": "2026-06-29", "fecha_ingreso_original": "29-06-2026", "calidad_fecha": "OK", "plataforma": "SIN PLATAFORMA", "parroquia": "Licán", "estado": "SIN DATO", "clave_catastral": "SIN DATO", "numero_tramite": "1195727", "OBJECTID": 224, "CODIGO": 237, "ORIG_FID": 223, "fuente_inf": null, "valor_unid": 0.0, "unidad_are": null, "actualizad": null, "fecha_actu": null }, "geometry": { "type": "Point", "coordinates": [ -78.692482526824833, -1.648247015448091 ] } },
{ "type": "Feature", "properties": { "id_tramite": "225", "tipo_tramite": "EXCEDENTES", "fecha_ingreso": "2026-06-29", "fecha_ingreso_original": "29-06-2026", "calidad_fecha": "OK", "plataforma": "SIN PLATAFORMA", "parroquia": "Licán", "estado": "SIN DATO", "clave_catastral": "SIN DATO", "numero_tramite": "1194412", "OBJECTID": 225, "CODIGO": 238, "ORIG_FID": 224, "fuente_inf": null, "valor_unid": 0.0, "unidad_are": null, "actualizad": null, "fecha_actu": null }, "geometry": { "type": "Point", "coordinates": [ -78.684465178667452, -1.667573637212669 ] } },
{ "type": "Feature", "properties": { "id_tramite": "226", "tipo_tramite": "EXCEDENTES", "fecha_ingreso": "2026-06-29", "fecha_ingreso_original": "29-06-2026", "calidad_fecha": "OK", "plataforma": "H", "parroquia": "Riobamba", "estado": "SIN DATO", "clave_catastral": "SIN DATO", "numero_tramite": "11949331", "OBJECTID": 226, "CODIGO": 239, "ORIG_FID": 225, "fuente_inf": null, "valor_unid": 0.0, "unidad_are": null, "actualizad": null, "fecha_actu": null }, "geometry": { "type": "Point", "coordinates": [ -78.679878903660182, -1.66314537512781 ] } },
{ "type": "Feature", "properties": { "id_tramite": "227", "tipo_tramite": "EXCEDENTES", "fecha_ingreso": "2026-06-29", "fecha_ingreso_original": "29-06-2026", "calidad_fecha": "OK", "plataforma": "Q", "parroquia": "Riobamba", "estado": "SIN DATO", "clave_catastral": "SIN DATO", "numero_tramite": "1194144", "OBJECTID": 227, "CODIGO": 240, "ORIG_FID": 226, "fuente_inf": null, "valor_unid": 0.0, "unidad_are": null, "actualizad": null, "fecha_actu": null }, "geometry": { "type": "Point", "coordinates": [ -78.626780109047786, -1.685711488090318 ] } },
{ "type": "Feature", "properties": { "id_tramite": "228", "tipo_tramite": "IPRUS", "fecha_ingreso": "2026-06-30", "fecha_ingreso_original": "30-06-2026", "calidad_fecha": "OK", "plataforma": "C", "parroquia": "Riobamba", "estado": "SIN DATO", "clave_catastral": "SIN DATO", "numero_tramite": "1195995", "OBJECTID": 228, "CODIGO": 241, "ORIG_FID": 227, "fuente_inf": null, "valor_unid": 0.0, "unidad_are": null, "actualizad": null, "fecha_actu": null }, "geometry": { "type": "Point", "coordinates": [ -78.689929846963523, -1.640866426694027 ] } },
{ "type": "Feature", "properties": { "id_tramite": "229", "tipo_tramite": "IPRUS", "fecha_ingreso": "2026-06-30", "fecha_ingreso_original": "30-06-2026", "calidad_fecha": "OK", "plataforma": "C", "parroquia": "Riobamba", "estado": "SIN DATO", "clave_catastral": "SIN DATO", "numero_tramite": "1195981", "OBJECTID": 229, "CODIGO": 242, "ORIG_FID": 228, "fuente_inf": null, "valor_unid": 0.0, "unidad_are": null, "actualizad": null, "fecha_actu": null }, "geometry": { "type": "Point", "coordinates": [ -78.675264952936828, -1.644167334211043 ] } },
{ "type": "Feature", "properties": { "id_tramite": "230", "tipo_tramite": "IPRUS", "fecha_ingreso": "2026-06-30", "fecha_ingreso_original": "30-06-2026", "calidad_fecha": "OK", "plataforma": "SIN PLATAFORMA", "parroquia": "Licán", "estado": "SIN DATO", "clave_catastral": "SIN DATO", "numero_tramite": "1197359", "OBJECTID": 230, "CODIGO": 243, "ORIG_FID": 229, "fuente_inf": null, "valor_unid": 0.0, "unidad_are": null, "actualizad": null, "fecha_actu": null }, "geometry": { "type": "Point", "coordinates": [ -78.709199459030103, -1.653616093721856 ] } },
{ "type": "Feature", "properties": { "id_tramite": "231", "tipo_tramite": "EXCEDENTES", "fecha_ingreso": "2026-06-30", "fecha_ingreso_original": "30-06-2026", "calidad_fecha": "OK", "plataforma": "C", "parroquia": "Riobamba", "estado": "SIN DATO", "clave_catastral": "SIN DATO", "numero_tramite": "1195520", "OBJECTID": 231, "CODIGO": 244, "ORIG_FID": 230, "fuente_inf": null, "valor_unid": 0.0, "unidad_are": null, "actualizad": null, "fecha_actu": null }, "geometry": { "type": "Point", "coordinates": [ -78.689979856339562, -1.637586646533969 ] } },
{ "type": "Feature", "properties": { "id_tramite": "232", "tipo_tramite": "EXCEDENTES", "fecha_ingreso": "2026-06-30", "fecha_ingreso_original": "30-06-2026", "calidad_fecha": "OK", "plataforma": "SIN PLATAFORMA", "parroquia": "Pungalá", "estado": "SIN DATO", "clave_catastral": "SIN DATO", "numero_tramite": "1196158", "OBJECTID": 232, "CODIGO": 245, "ORIG_FID": 231, "fuente_inf": null, "valor_unid": 0.0, "unidad_are": null, "actualizad": null, "fecha_actu": null }, "geometry": { "type": "Point", "coordinates": [ -78.564638243296898, -1.825143246456239 ] } },
{ "type": "Feature", "properties": { "id_tramite": "233", "tipo_tramite": "IPRUS", "fecha_ingreso": "2026-06-30", "fecha_ingreso_original": "30-06-2026", "calidad_fecha": "OK", "plataforma": "C", "parroquia": "Riobamba", "estado": "SIN DATO", "clave_catastral": "SIN DATO", "numero_tramite": "1197860", "OBJECTID": 233, "CODIGO": 246, "ORIG_FID": 232, "fuente_inf": null, "valor_unid": 0.0, "unidad_are": null, "actualizad": null, "fecha_actu": null }, "geometry": { "type": "Point", "coordinates": [ -78.68637044301353, -1.639313628021463 ] } },
{ "type": "Feature", "properties": { "id_tramite": "234", "tipo_tramite": "IPRUS", "fecha_ingreso": "2026-06-30", "fecha_ingreso_original": "30-06-2026", "calidad_fecha": "OK", "plataforma": "G", "parroquia": "Riobamba", "estado": "SIN DATO", "clave_catastral": "SIN DATO", "numero_tramite": "1197763", "OBJECTID": 234, "CODIGO": 247, "ORIG_FID": 233, "fuente_inf": null, "valor_unid": 0.0, "unidad_are": null, "actualizad": null, "fecha_actu": null }, "geometry": { "type": "Point", "coordinates": [ -78.662906589011257, -1.644693762664853 ] } },
{ "type": "Feature", "properties": { "id_tramite": "235", "tipo_tramite": "EXCEDENTES", "fecha_ingreso": "2026-07-01", "fecha_ingreso_original": "01-07-2026", "calidad_fecha": "OK", "plataforma": "K", "parroquia": "Riobamba", "estado": "SIN DATO", "clave_catastral": "SIN DATO", "numero_tramite": "1196546", "OBJECTID": 235, "CODIGO": 248, "ORIG_FID": 234, "fuente_inf": null, "valor_unid": 0.0, "unidad_are": null, "actualizad": null, "fecha_actu": null }, "geometry": { "type": "Point", "coordinates": [ -78.654897275230311, -1.667902289510728 ] } },
{ "type": "Feature", "properties": { "id_tramite": "236", "tipo_tramite": "EXCEDENTES", "fecha_ingreso": "2026-06-01", "fecha_ingreso_original": "01-06-2026", "calidad_fecha": "OK", "plataforma": "SIN PLATAFORMA", "parroquia": "Riobamba", "estado": "SIN DATO", "clave_catastral": "SIN DATO", "numero_tramite": "1197288", "OBJECTID": 236, "CODIGO": 249, "ORIG_FID": 235, "fuente_inf": null, "valor_unid": 0.0, "unidad_are": null, "actualizad": null, "fecha_actu": null }, "geometry": { "type": "Point", "coordinates": [ -78.632748333888827, -1.657153313491332 ] } },
{ "type": "Feature", "properties": { "id_tramite": "237", "tipo_tramite": "EXCEDENTES", "fecha_ingreso": "2026-06-01", "fecha_ingreso_original": "01-06-2026", "calidad_fecha": "OK", "plataforma": "G", "parroquia": "Riobamba", "estado": "SIN DATO", "clave_catastral": "SIN DATO", "numero_tramite": "1197613", "OBJECTID": 237, "CODIGO": 250, "ORIG_FID": 236, "fuente_inf": null, "valor_unid": 0.0, "unidad_are": null, "actualizad": null, "fecha_actu": null }, "geometry": { "type": "Point", "coordinates": [ -78.663136999776455, -1.65095180810361 ] } },
{ "type": "Feature", "properties": { "id_tramite": "238", "tipo_tramite": "IPRUS", "fecha_ingreso": "2026-07-01", "fecha_ingreso_original": "01-07-2026", "calidad_fecha": "OK", "plataforma": "P", "parroquia": "Riobamba", "estado": "SIN DATO", "clave_catastral": "SIN DATO", "numero_tramite": "1198531", "OBJECTID": 238, "CODIGO": 251, "ORIG_FID": 237, "fuente_inf": null, "valor_unid": 0.0, "unidad_are": null, "actualizad": null, "fecha_actu": null }, "geometry": { "type": "Point", "coordinates": [ -78.633733916035894, -1.689174594077734 ] } },
{ "type": "Feature", "properties": { "id_tramite": "239", "tipo_tramite": "IPRUS", "fecha_ingreso": "2026-07-01", "fecha_ingreso_original": "01-07-2026", "calidad_fecha": "OK", "plataforma": "I", "parroquia": "Riobamba", "estado": "SIN DATO", "clave_catastral": "SIN DATO", "numero_tramite": "1198610", "OBJECTID": 239, "CODIGO": 252, "ORIG_FID": 238, "fuente_inf": null, "valor_unid": 0.0, "unidad_are": null, "actualizad": null, "fecha_actu": null }, "geometry": { "type": "Point", "coordinates": [ -78.657919602317193, -1.662625350895675 ] } },
{ "type": "Feature", "properties": { "id_tramite": "240", "tipo_tramite": "IPRUS", "fecha_ingreso": "2026-07-01", "fecha_ingreso_original": "01-07-2026", "calidad_fecha": "OK", "plataforma": "C", "parroquia": "Riobamba", "estado": "SIN DATO", "clave_catastral": "SIN DATO", "numero_tramite": "1198784", "OBJECTID": 240, "CODIGO": 253, "ORIG_FID": 239, "fuente_inf": null, "valor_unid": 0.0, "unidad_are": null, "actualizad": null, "fecha_actu": null }, "geometry": { "type": "Point", "coordinates": [ -78.686437102599015, -1.644326418834059 ] } },
{ "type": "Feature", "properties": { "id_tramite": "241", "tipo_tramite": "IPRUS", "fecha_ingreso": "2026-07-01", "fecha_ingreso_original": "01-07-2026", "calidad_fecha": "OK", "plataforma": "K", "parroquia": "Riobamba", "estado": "SIN DATO", "clave_catastral": "SIN DATO", "numero_tramite": "1199118", "OBJECTID": 241, "CODIGO": 254, "ORIG_FID": 240, "fuente_inf": null, "valor_unid": 0.0, "unidad_are": null, "actualizad": null, "fecha_actu": null }, "geometry": { "type": "Point", "coordinates": [ -78.654940938928902, -1.66822515220109 ] } },
{ "type": "Feature", "properties": { "id_tramite": "242", "tipo_tramite": "EXCEDENTES", "fecha_ingreso": "2026-07-01", "fecha_ingreso_original": "01-07-2026", "calidad_fecha": "OK", "plataforma": "SIN PLATAFORMA", "parroquia": "San Luis", "estado": "SIN DATO", "clave_catastral": "SIN DATO", "numero_tramite": "1197423", "OBJECTID": 242, "CODIGO": 255, "ORIG_FID": 241, "fuente_inf": null, "valor_unid": 0.0, "unidad_are": null, "actualizad": null, "fecha_actu": null }, "geometry": { "type": "Point", "coordinates": [ -78.640018256529927, -1.70730486119002 ] } },
{ "type": "Feature", "properties": { "id_tramite": "243", "tipo_tramite": "EXCEDENTES", "fecha_ingreso": "2026-07-02", "fecha_ingreso_original": "02-07-2026", "calidad_fecha": "OK", "plataforma": "SIN PLATAFORMA", "parroquia": "Calpi", "estado": "SIN DATO", "clave_catastral": "SIN DATO", "numero_tramite": "1198110", "OBJECTID": 243, "CODIGO": 256, "ORIG_FID": 242, "fuente_inf": null, "valor_unid": 0.0, "unidad_are": null, "actualizad": null, "fecha_actu": null }, "geometry": { "type": "Point", "coordinates": [ -78.728835838724024, -1.647974700189416 ] } },
{ "type": "Feature", "properties": { "id_tramite": "244", "tipo_tramite": "IPRUS", "fecha_ingreso": "2026-07-02", "fecha_ingreso_original": "02-07-2026", "calidad_fecha": "OK", "plataforma": "J", "parroquia": "Riobamba", "estado": "SIN DATO", "clave_catastral": "SIN DATO", "numero_tramite": "1199489", "OBJECTID": 244, "CODIGO": 257, "ORIG_FID": 243, "fuente_inf": null, "valor_unid": 0.0, "unidad_are": null, "actualizad": null, "fecha_actu": null }, "geometry": { "type": "Point", "coordinates": [ -78.662816754091054, -1.673155752136098 ] } },
{ "type": "Feature", "properties": { "id_tramite": "245", "tipo_tramite": "IPRUS", "fecha_ingreso": "2026-07-02", "fecha_ingreso_original": "02-07-2026", "calidad_fecha": "OK", "plataforma": "C", "parroquia": "Riobamba", "estado": "SIN DATO", "clave_catastral": "SIN DATO", "numero_tramite": "1199752", "OBJECTID": 245, "CODIGO": 258, "ORIG_FID": 244, "fuente_inf": null, "valor_unid": 0.0, "unidad_are": null, "actualizad": null, "fecha_actu": null }, "geometry": { "type": "Point", "coordinates": [ -78.686958465241304, -1.643891024258833 ] } },
{ "type": "Feature", "properties": { "id_tramite": "246", "tipo_tramite": "IPRUS", "fecha_ingreso": "2026-07-02", "fecha_ingreso_original": "02-07-2026", "calidad_fecha": "OK", "plataforma": "D", "parroquia": "Riobamba", "estado": "SIN DATO", "clave_catastral": "SIN DATO", "numero_tramite": "1200300", "OBJECTID": 246, "CODIGO": 259, "ORIG_FID": 245, "fuente_inf": null, "valor_unid": 0.0, "unidad_are": null, "actualizad": null, "fecha_actu": null }, "geometry": { "type": "Point", "coordinates": [ -78.687852720184324, -1.657356169261802 ] } },
{ "type": "Feature", "properties": { "id_tramite": "247", "tipo_tramite": "IPRUS", "fecha_ingreso": "2026-07-03", "fecha_ingreso_original": "03-07-2026", "calidad_fecha": "OK", "plataforma": "SIN PLATAFORMA", "parroquia": "San Luis", "estado": "SIN DATO", "clave_catastral": "SIN DATO", "numero_tramite": "1200534", "OBJECTID": 247, "CODIGO": 260, "ORIG_FID": 246, "fuente_inf": null, "valor_unid": 0.0, "unidad_are": null, "actualizad": null, "fecha_actu": null }, "geometry": { "type": "Point", "coordinates": [ -78.621029360377349, -1.69643722164555 ] } },
{ "type": "Feature", "properties": { "id_tramite": "248", "tipo_tramite": "IPRUS", "fecha_ingreso": "2026-04-03", "fecha_ingreso_original": "03-04/2026", "calidad_fecha": "OK", "plataforma": "A", "parroquia": "Riobamba", "estado": "SIN DATO", "clave_catastral": "SIN DATO", "numero_tramite": "1200534", "OBJECTID": 248, "CODIGO": 261, "ORIG_FID": 247, "fuente_inf": null, "valor_unid": 0.0, "unidad_are": null, "actualizad": null, "fecha_actu": null }, "geometry": { "type": "Point", "coordinates": [ -78.685588131060783, -1.627191832480418 ] } },
{ "type": "Feature", "properties": { "id_tramite": "249", "tipo_tramite": "IPRUS", "fecha_ingreso": "2026-07-03", "fecha_ingreso_original": "03/07/2026", "calidad_fecha": "OK", "plataforma": "Ñ", "parroquia": "Riobamba", "estado": "SIN DATO", "clave_catastral": "SIN DATO", "numero_tramite": "1200604", "OBJECTID": 249, "CODIGO": 262, "ORIG_FID": 248, "fuente_inf": null, "valor_unid": 0.0, "unidad_are": null, "actualizad": null, "fecha_actu": null }, "geometry": { "type": "Point", "coordinates": [ -78.651678262778631, -1.676345418577941 ] } },
{ "type": "Feature", "properties": { "id_tramite": "250", "tipo_tramite": "IPRUS", "fecha_ingreso": "2026-06-03", "fecha_ingreso_original": "03-06-2026", "calidad_fecha": "OK", "plataforma": "M", "parroquia": "Riobamba", "estado": "SIN DATO", "clave_catastral": "SIN DATO", "numero_tramite": "1200810", "OBJECTID": 250, "CODIGO": 263, "ORIG_FID": 249, "fuente_inf": null, "valor_unid": 0.0, "unidad_are": null, "actualizad": null, "fecha_actu": null }, "geometry": { "type": "Point", "coordinates": [ -78.644221113316533, -1.658158134751931 ] } },
{ "type": "Feature", "properties": { "id_tramite": "251", "tipo_tramite": "IPRUS", "fecha_ingreso": "2026-07-06", "fecha_ingreso_original": "06/07/2026", "calidad_fecha": "OK", "plataforma": "K", "parroquia": "Riobamba", "estado": "SIN DATO", "clave_catastral": "SIN DATO", "numero_tramite": "1200908", "OBJECTID": 251, "CODIGO": 264, "ORIG_FID": 250, "fuente_inf": null, "valor_unid": 0.0, "unidad_are": null, "actualizad": null, "fecha_actu": null }, "geometry": { "type": "Point", "coordinates": [ -78.653616115246763, -1.673301862295281 ] } },
{ "type": "Feature", "properties": { "id_tramite": "252", "tipo_tramite": "IPRUS", "fecha_ingreso": "2026-07-06", "fecha_ingreso_original": "06-07-2026", "calidad_fecha": "OK", "plataforma": "M", "parroquia": "Riobamba", "estado": "SIN DATO", "clave_catastral": "SIN DATO", "numero_tramite": "1200984", "OBJECTID": 252, "CODIGO": 265, "ORIG_FID": 251, "fuente_inf": null, "valor_unid": 0.0, "unidad_are": null, "actualizad": null, "fecha_actu": null }, "geometry": { "type": "Point", "coordinates": [ -78.636994408227508, -1.658101518742736 ] } },
{ "type": "Feature", "properties": { "id_tramite": "253", "tipo_tramite": "IPRUS", "fecha_ingreso": "2026-07-06", "fecha_ingreso_original": "06-07-2026", "calidad_fecha": "OK", "plataforma": "L", "parroquia": "Riobamba", "estado": "SIN DATO", "clave_catastral": "SIN DATO", "numero_tramite": "1200988", "OBJECTID": 253, "CODIGO": 266, "ORIG_FID": 252, "fuente_inf": null, "valor_unid": 0.0, "unidad_are": null, "actualizad": null, "fecha_actu": null }, "geometry": { "type": "Point", "coordinates": [ -78.648585279411165, -1.653421373462616 ] } },
{ "type": "Feature", "properties": { "id_tramite": "254", "tipo_tramite": "IPRUS", "fecha_ingreso": "2026-06-06", "fecha_ingreso_original": "06-06-2026", "calidad_fecha": "OK", "plataforma": "D", "parroquia": "Riobamba", "estado": "SIN DATO", "clave_catastral": "SIN DATO", "numero_tramite": "12001249", "OBJECTID": 254, "CODIGO": 267, "ORIG_FID": 253, "fuente_inf": null, "valor_unid": 0.0, "unidad_are": null, "actualizad": null, "fecha_actu": null }, "geometry": { "type": "Point", "coordinates": [ -78.692542864130758, -1.655874943945772 ] } },
{ "type": "Feature", "properties": { "id_tramite": "255", "tipo_tramite": "IPRUS", "fecha_ingreso": "2026-07-06", "fecha_ingreso_original": "06-07-2026", "calidad_fecha": "OK", "plataforma": "G", "parroquia": "Riobamba", "estado": "SIN DATO", "clave_catastral": "SIN DATO", "numero_tramite": "1201332", "OBJECTID": 255, "CODIGO": 268, "ORIG_FID": 254, "fuente_inf": null, "valor_unid": 0.0, "unidad_are": null, "actualizad": null, "fecha_actu": null }, "geometry": { "type": "Point", "coordinates": [ -78.666553528295935, -1.650047876640726 ] } },
{ "type": "Feature", "properties": { "id_tramite": "256", "tipo_tramite": "IPRUS", "fecha_ingreso": "2026-07-06", "fecha_ingreso_original": "06-07-2026", "calidad_fecha": "OK", "plataforma": "B", "parroquia": "Riobamba", "estado": "SIN DATO", "clave_catastral": "SIN DATO", "numero_tramite": "1201301", "OBJECTID": 256, "CODIGO": 269, "ORIG_FID": 255, "fuente_inf": null, "valor_unid": 0.0, "unidad_are": null, "actualizad": null, "fecha_actu": null }, "geometry": { "type": "Point", "coordinates": [ -78.673875030529089, -1.639441659684689 ] } },
{ "type": "Feature", "properties": { "id_tramite": "257", "tipo_tramite": "IPRUS", "fecha_ingreso": "2026-07-06", "fecha_ingreso_original": "06-07-2026", "calidad_fecha": "OK", "plataforma": "F", "parroquia": "Riobamba", "estado": "SIN DATO", "clave_catastral": "SIN DATO", "numero_tramite": "1201004", "OBJECTID": 257, "CODIGO": 270, "ORIG_FID": 256, "fuente_inf": null, "valor_unid": 0.0, "unidad_are": null, "actualizad": null, "fecha_actu": null }, "geometry": { "type": "Point", "coordinates": [ -78.672474482515142, -1.653250698827016 ] } },
{ "type": "Feature", "properties": { "id_tramite": "258", "tipo_tramite": "IPRUS", "fecha_ingreso": "2026-07-06", "fecha_ingreso_original": "06-07-2026", "calidad_fecha": "OK", "plataforma": "C", "parroquia": "Riobamba", "estado": "SIN DATO", "clave_catastral": "SIN DATO", "numero_tramite": "1201411", "OBJECTID": 258, "CODIGO": 271, "ORIG_FID": 257, "fuente_inf": null, "valor_unid": 0.0, "unidad_are": null, "actualizad": null, "fecha_actu": null }, "geometry": { "type": "Point", "coordinates": [ -78.68135129780201, -1.640750732015753 ] } },
{ "type": "Feature", "properties": { "id_tramite": "259", "tipo_tramite": "IPRUS", "fecha_ingreso": null, "fecha_ingreso_original": "06-07-226", "calidad_fecha": "REVISAR", "plataforma": "H", "parroquia": "Riobamba", "estado": "SIN DATO", "clave_catastral": "SIN DATO", "numero_tramite": "1201414", "OBJECTID": 259, "CODIGO": 272, "ORIG_FID": 258, "fuente_inf": null, "valor_unid": 0.0, "unidad_are": null, "actualizad": null, "fecha_actu": null }, "geometry": { "type": "Point", "coordinates": [ -78.675139415181917, -1.664212164023022 ] } },
{ "type": "Feature", "properties": { "id_tramite": "260", "tipo_tramite": "EXCEDENTES", "fecha_ingreso": "2026-07-06", "fecha_ingreso_original": "06-07-2026", "calidad_fecha": "OK", "plataforma": "SIN PLATAFORMA", "parroquia": "Cubijíes", "estado": "SIN DATO", "clave_catastral": "SIN DATO", "numero_tramite": "1198800", "OBJECTID": 260, "CODIGO": 273, "ORIG_FID": 259, "fuente_inf": null, "valor_unid": 0.0, "unidad_are": null, "actualizad": null, "fecha_actu": null }, "geometry": { "type": "Point", "coordinates": [ -78.592057321164987, -1.638413197171895 ] } },
{ "type": "Feature", "properties": { "id_tramite": "261", "tipo_tramite": "EXCEDENTES", "fecha_ingreso": "2026-07-06", "fecha_ingreso_original": "06-07-2026", "calidad_fecha": "OK", "plataforma": "G", "parroquia": "Riobamba", "estado": "SIN DATO", "clave_catastral": "SIN DATO", "numero_tramite": "1198800", "OBJECTID": 261, "CODIGO": 274, "ORIG_FID": 260, "fuente_inf": null, "valor_unid": 0.0, "unidad_are": null, "actualizad": null, "fecha_actu": null }, "geometry": { "type": "Point", "coordinates": [ -78.671726919189084, -1.645540415060947 ] } },
{ "type": "Feature", "properties": { "id_tramite": "262", "tipo_tramite": "EXCEDENTES", "fecha_ingreso": "2026-07-06", "fecha_ingreso_original": "06-07-2026", "calidad_fecha": "OK", "plataforma": "SIN PLATAFORMA", "parroquia": "Cubijíes", "estado": "SIN DATO", "clave_catastral": "SIN DATO", "numero_tramite": "1196644", "OBJECTID": 262, "CODIGO": 275, "ORIG_FID": 261, "fuente_inf": null, "valor_unid": 0.0, "unidad_are": null, "actualizad": null, "fecha_actu": null }, "geometry": { "type": "Point", "coordinates": [ -78.610245537775683, -1.649692611692157 ] } },
{ "type": "Feature", "properties": { "id_tramite": "263", "tipo_tramite": "EXCEDENTES", "fecha_ingreso": "2026-05-06", "fecha_ingreso_original": "06-05-2026", "calidad_fecha": "OK", "plataforma": "M", "parroquia": "Riobamba", "estado": "SIN DATO", "clave_catastral": "SIN DATO", "numero_tramite": "1199628", "OBJECTID": 263, "CODIGO": 276, "ORIG_FID": 262, "fuente_inf": null, "valor_unid": 0.0, "unidad_are": null, "actualizad": null, "fecha_actu": null }, "geometry": { "type": "Point", "coordinates": [ -78.645875740414269, -1.663844958354219 ] } },
{ "type": "Feature", "properties": { "id_tramite": "264", "tipo_tramite": "EXCEDENTES", "fecha_ingreso": "2026-07-06", "fecha_ingreso_original": "06-07-2026", "calidad_fecha": "OK", "plataforma": "K", "parroquia": "Riobamba", "estado": "SIN DATO", "clave_catastral": "SIN DATO", "numero_tramite": "1199637", "OBJECTID": 264, "CODIGO": 277, "ORIG_FID": 263, "fuente_inf": null, "valor_unid": 0.0, "unidad_are": null, "actualizad": null, "fecha_actu": null }, "geometry": { "type": "Point", "coordinates": [ -78.651961432030333, -1.67371665097183 ] } },
{ "type": "Feature", "properties": { "id_tramite": "265", "tipo_tramite": "EXCEDENTES", "fecha_ingreso": "2026-07-06", "fecha_ingreso_original": "06-07-2026", "calidad_fecha": "OK", "plataforma": "B", "parroquia": "Riobamba", "estado": "SIN DATO", "clave_catastral": "SIN DATO", "numero_tramite": "1200859", "OBJECTID": 265, "CODIGO": 278, "ORIG_FID": 264, "fuente_inf": null, "valor_unid": 0.0, "unidad_are": null, "actualizad": null, "fecha_actu": null }, "geometry": { "type": "Point", "coordinates": [ -78.679751020189087, -1.630461276866999 ] } },
{ "type": "Feature", "properties": { "id_tramite": "266", "tipo_tramite": "IPRUS", "fecha_ingreso": "2026-07-06", "fecha_ingreso_original": "06-07-2026", "calidad_fecha": "OK", "plataforma": "SIN PLATAFORMA", "parroquia": "Calpi", "estado": "SIN DATO", "clave_catastral": "SIN DATO", "numero_tramite": "1201328", "OBJECTID": 266, "CODIGO": 279, "ORIG_FID": 265, "fuente_inf": null, "valor_unid": 0.0, "unidad_are": null, "actualizad": null, "fecha_actu": null }, "geometry": { "type": "Point", "coordinates": [ -78.732823720109423, -1.648579541937682 ] } },
{ "type": "Feature", "properties": { "id_tramite": "267", "tipo_tramite": "EXCEDENTES", "fecha_ingreso": "2026-07-06", "fecha_ingreso_original": "06-07-2026", "calidad_fecha": "OK", "plataforma": "SIN PLATAFORMA", "parroquia": "Riobamba", "estado": "SIN DATO", "clave_catastral": "SIN DATO", "numero_tramite": "1210328", "OBJECTID": 267, "CODIGO": 280, "ORIG_FID": 266, "fuente_inf": null, "valor_unid": 0.0, "unidad_are": null, "actualizad": null, "fecha_actu": null }, "geometry": { "type": "Point", "coordinates": [ -78.625899588237061, -1.678921578074342 ] } },
{ "type": "Feature", "properties": { "id_tramite": "268", "tipo_tramite": "IPRUS", "fecha_ingreso": "2026-06-07", "fecha_ingreso_original": "07-06-2026", "calidad_fecha": "OK", "plataforma": "F", "parroquia": "Riobamba", "estado": "SIN DATO", "clave_catastral": "SIN DATO", "numero_tramite": "1202083", "OBJECTID": 268, "CODIGO": 281, "ORIG_FID": 267, "fuente_inf": null, "valor_unid": 0.0, "unidad_are": null, "actualizad": null, "fecha_actu": null }, "geometry": { "type": "Point", "coordinates": [ -78.6720986296082, -1.650264611919711 ] } },
{ "type": "Feature", "properties": { "id_tramite": "269", "tipo_tramite": "IPRUS", "fecha_ingreso": "2026-07-07", "fecha_ingreso_original": "07-07-2026", "calidad_fecha": "OK", "plataforma": "C", "parroquia": "Riobamba", "estado": "SIN DATO", "clave_catastral": "SIN DATO", "numero_tramite": "1202120", "OBJECTID": 269, "CODIGO": 282, "ORIG_FID": 268, "fuente_inf": null, "valor_unid": 0.0, "unidad_are": null, "actualizad": null, "fecha_actu": null }, "geometry": { "type": "Point", "coordinates": [ -78.687336375107193, -1.644885865449652 ] } },
{ "type": "Feature", "properties": { "id_tramite": "270", "tipo_tramite": "IPRUS", "fecha_ingreso": "2026-07-09", "fecha_ingreso_original": "09-07-2026", "calidad_fecha": "OK", "plataforma": "D", "parroquia": "Riobamba", "estado": "SIN DATO", "clave_catastral": "SIN DATO", "numero_tramite": "122497", "OBJECTID": 270, "CODIGO": 283, "ORIG_FID": 269, "fuente_inf": null, "valor_unid": 0.0, "unidad_are": null, "actualizad": null, "fecha_actu": null }, "geometry": { "type": "Point", "coordinates": [ -78.684614448043078, -1.662465301488541 ] } },
{ "type": "Feature", "properties": { "id_tramite": "271", "tipo_tramite": "IPRUS", "fecha_ingreso": "2026-07-09", "fecha_ingreso_original": "09-07-2026", "calidad_fecha": "OK", "plataforma": "L", "parroquia": "Riobamba", "estado": "SIN DATO", "clave_catastral": "SIN DATO", "numero_tramite": "1202842", "OBJECTID": 271, "CODIGO": 284, "ORIG_FID": 270, "fuente_inf": null, "valor_unid": 0.0, "unidad_are": null, "actualizad": null, "fecha_actu": null }, "geometry": { "type": "Point", "coordinates": [ -78.645150024725865, -1.646280291125147 ] } },
{ "type": "Feature", "properties": { "id_tramite": "272", "tipo_tramite": "IPRUS", "fecha_ingreso": "2026-07-09", "fecha_ingreso_original": "09-07-2026", "calidad_fecha": "OK", "plataforma": "A", "parroquia": "Riobamba", "estado": "SIN DATO", "clave_catastral": "SIN DATO", "numero_tramite": "1202855", "OBJECTID": 272, "CODIGO": 285, "ORIG_FID": 271, "fuente_inf": null, "valor_unid": 0.0, "unidad_are": null, "actualizad": null, "fecha_actu": null }, "geometry": { "type": "Point", "coordinates": [ -78.685390839781178, -1.629755777917684 ] } },
{ "type": "Feature", "properties": { "id_tramite": "273", "tipo_tramite": "IPRUS", "fecha_ingreso": "2026-07-09", "fecha_ingreso_original": "09-07-2026", "calidad_fecha": "OK", "plataforma": "C", "parroquia": "Riobamba", "estado": "SIN DATO", "clave_catastral": "SIN DATO", "numero_tramite": "1203036", "OBJECTID": 273, "CODIGO": 286, "ORIG_FID": 272, "fuente_inf": null, "valor_unid": 0.0, "unidad_are": null, "actualizad": null, "fecha_actu": null }, "geometry": { "type": "Point", "coordinates": [ -78.681555765479857, -1.638242576386971 ] } },
{ "type": "Feature", "properties": { "id_tramite": "274", "tipo_tramite": "IPRUS", "fecha_ingreso": "2026-07-09", "fecha_ingreso_original": "09-07-2026", "calidad_fecha": "OK", "plataforma": "SIN PLATAFORMA", "parroquia": "San Luis", "estado": "SIN DATO", "clave_catastral": "SIN DATO", "numero_tramite": "1203317", "OBJECTID": 274, "CODIGO": 287, "ORIG_FID": 273, "fuente_inf": null, "valor_unid": 0.0, "unidad_are": null, "actualizad": null, "fecha_actu": null }, "geometry": { "type": "Point", "coordinates": [ -78.630171871678797, -1.695635331819886 ] } },
{ "type": "Feature", "properties": { "id_tramite": "275", "tipo_tramite": "EXCEDENTES", "fecha_ingreso": "2026-07-09", "fecha_ingreso_original": "09-07-2026", "calidad_fecha": "OK", "plataforma": "SIN PLATAFORMA", "parroquia": "Licán", "estado": "SIN DATO", "clave_catastral": "SIN DATO", "numero_tramite": "1201311", "OBJECTID": 275, "CODIGO": 288, "ORIG_FID": 274, "fuente_inf": null, "valor_unid": 0.0, "unidad_are": null, "actualizad": null, "fecha_actu": null }, "geometry": { "type": "Point", "coordinates": [ -78.72375966975666, -1.636087615086132 ] } },
{ "type": "Feature", "properties": { "id_tramite": "276", "tipo_tramite": "IPRUS", "fecha_ingreso": "2026-07-09", "fecha_ingreso_original": "09-07-2026", "calidad_fecha": "OK", "plataforma": "SIN PLATAFORMA", "parroquia": "Riobamba", "estado": "SIN DATO", "clave_catastral": "SIN DATO", "numero_tramite": "1203942", "OBJECTID": 276, "CODIGO": 289, "ORIG_FID": 275, "fuente_inf": null, "valor_unid": 0.0, "unidad_are": null, "actualizad": null, "fecha_actu": null }, "geometry": { "type": "Point", "coordinates": [ -78.625418040978715, -1.678092978681796 ] } },
{ "type": "Feature", "properties": { "id_tramite": "277", "tipo_tramite": "IPRUS", "fecha_ingreso": "2026-07-09", "fecha_ingreso_original": "09-07-2026", "calidad_fecha": "OK", "plataforma": "SIN PLATAFORMA", "parroquia": "San Luis", "estado": "SIN DATO", "clave_catastral": "SIN DATO", "numero_tramite": "1204754", "OBJECTID": 277, "CODIGO": 290, "ORIG_FID": 276, "fuente_inf": null, "valor_unid": 0.0, "unidad_are": null, "actualizad": null, "fecha_actu": null }, "geometry": { "type": "Point", "coordinates": [ -78.628338155670463, -1.695431906518198 ] } },
{ "type": "Feature", "properties": { "id_tramite": "278", "tipo_tramite": "IPRUS", "fecha_ingreso": "2026-07-09", "fecha_ingreso_original": "09-07-2026", "calidad_fecha": "OK", "plataforma": "H", "parroquia": "Riobamba", "estado": "SIN DATO", "clave_catastral": "SIN DATO", "numero_tramite": "1204054", "OBJECTID": 278, "CODIGO": 291, "ORIG_FID": 277, "fuente_inf": null, "valor_unid": 0.0, "unidad_are": null, "actualizad": null, "fecha_actu": null }, "geometry": { "type": "Point", "coordinates": [ -78.672445358851647, -1.65957422365819 ] } },
{ "type": "Feature", "properties": { "id_tramite": "279", "tipo_tramite": "EXCEDENTES", "fecha_ingreso": "2026-07-09", "fecha_ingreso_original": "09-07-2026", "calidad_fecha": "OK", "plataforma": "SIN PLATAFORMA", "parroquia": "Cubijíes", "estado": "SIN DATO", "clave_catastral": "SIN DATO", "numero_tramite": "1203909", "OBJECTID": 279, "CODIGO": 292, "ORIG_FID": 278, "fuente_inf": null, "valor_unid": 0.0, "unidad_are": null, "actualizad": null, "fecha_actu": null }, "geometry": { "type": "Point", "coordinates": [ -78.615301722441714, -1.658011167667162 ] } },
{ "type": "Feature", "properties": { "id_tramite": "280", "tipo_tramite": "EXCEDENTES", "fecha_ingreso": "2026-07-09", "fecha_ingreso_original": "09-07-2026", "calidad_fecha": "OK", "plataforma": "SIN PLATAFORMA", "parroquia": "Riobamba", "estado": "SIN DATO", "clave_catastral": "SIN DATO", "numero_tramite": "1204041", "OBJECTID": 280, "CODIGO": 293, "ORIG_FID": 279, "fuente_inf": null, "valor_unid": 0.0, "unidad_are": null, "actualizad": null, "fecha_actu": null }, "geometry": { "type": "Point", "coordinates": [ -78.66678586698086, -1.678634237514065 ] } },
{ "type": "Feature", "properties": { "id_tramite": "282", "tipo_tramite": "IPRUS", "fecha_ingreso": "2026-07-10", "fecha_ingreso_original": "10-07-2026", "calidad_fecha": "OK", "plataforma": "Ñ", "parroquia": "Riobamba", "estado": "SIN DATO", "clave_catastral": "SIN DATO", "numero_tramite": "1205547", "OBJECTID": 282, "CODIGO": 295, "ORIG_FID": 281, "fuente_inf": null, "valor_unid": 0.0, "unidad_are": null, "actualizad": null, "fecha_actu": null }, "geometry": { "type": "Point", "coordinates": [ -78.648693523256597, -1.681466093445887 ] } },
{ "type": "Feature", "properties": { "id_tramite": "283", "tipo_tramite": "IPRUS", "fecha_ingreso": "2026-07-10", "fecha_ingreso_original": "10-07-2026", "calidad_fecha": "OK", "plataforma": "D", "parroquia": "Riobamba", "estado": "SIN DATO", "clave_catastral": "SIN DATO", "numero_tramite": "1205293", "OBJECTID": 283, "CODIGO": 296, "ORIG_FID": 282, "fuente_inf": null, "valor_unid": 0.0, "unidad_are": null, "actualizad": null, "fecha_actu": null }, "geometry": { "type": "Point", "coordinates": [ -78.686129137274918, -1.652517273131204 ] } },
{ "type": "Feature", "properties": { "id_tramite": "284", "tipo_tramite": "IPRUS", "fecha_ingreso": "2026-07-10", "fecha_ingreso_original": "10-07-2026", "calidad_fecha": "OK", "plataforma": "J", "parroquia": "Riobamba", "estado": "SIN DATO", "clave_catastral": "SIN DATO", "numero_tramite": "1205655", "OBJECTID": 284, "CODIGO": 297, "ORIG_FID": 283, "fuente_inf": null, "valor_unid": 0.0, "unidad_are": null, "actualizad": null, "fecha_actu": null }, "geometry": { "type": "Point", "coordinates": [ -78.663152649251288, -1.671206002403778 ] } },
{ "type": "Feature", "properties": { "id_tramite": "285", "tipo_tramite": "IPRUS", "fecha_ingreso": "2026-07-10", "fecha_ingreso_original": "10-07-2026", "calidad_fecha": "OK", "plataforma": "J", "parroquia": "Riobamba", "estado": "SIN DATO", "clave_catastral": "SIN DATO", "numero_tramite": "1205784", "OBJECTID": 285, "CODIGO": 298, "ORIG_FID": 284, "fuente_inf": null, "valor_unid": 0.0, "unidad_are": null, "actualizad": null, "fecha_actu": null }, "geometry": { "type": "Point", "coordinates": [ -78.65735025600128, -1.672086215332657 ] } },
{ "type": "Feature", "properties": { "id_tramite": "286", "tipo_tramite": "EXCEDENTES", "fecha_ingreso": "2026-07-14", "fecha_ingreso_original": "14-07-2026", "calidad_fecha": "OK", "plataforma": "K", "parroquia": "Riobamba", "estado": "SIN DATO", "clave_catastral": "SIN DATO", "numero_tramite": "1204755", "OBJECTID": 286, "CODIGO": 299, "ORIG_FID": 285, "fuente_inf": null, "valor_unid": 0.0, "unidad_are": null, "actualizad": null, "fecha_actu": null }, "geometry": { "type": "Point", "coordinates": [ -78.643742407237781, -1.671777022250737 ] } },
{ "type": "Feature", "properties": { "id_tramite": "287", "tipo_tramite": "IPRUS", "fecha_ingreso": "2026-07-04", "fecha_ingreso_original": "04-07-2026", "calidad_fecha": "OK", "plataforma": "I", "parroquia": "Riobamba", "estado": "SIN DATO", "clave_catastral": "SIN DATO", "numero_tramite": "1204755", "OBJECTID": 287, "CODIGO": 300, "ORIG_FID": 286, "fuente_inf": null, "valor_unid": 0.0, "unidad_are": null, "actualizad": null, "fecha_actu": null }, "geometry": { "type": "Point", "coordinates": [ -78.653207089763171, -1.664625034190556 ] } },
{ "type": "Feature", "properties": { "id_tramite": "288", "tipo_tramite": "EXCEDENTES", "fecha_ingreso": "2026-07-14", "fecha_ingreso_original": "14-07-2026", "calidad_fecha": "OK", "plataforma": "O", "parroquia": "Riobamba", "estado": "SIN DATO", "clave_catastral": "SIN DATO", "numero_tramite": "1203903", "OBJECTID": 288, "CODIGO": 301, "ORIG_FID": 287, "fuente_inf": null, "valor_unid": 0.0, "unidad_are": null, "actualizad": null, "fecha_actu": null }, "geometry": { "type": "Point", "coordinates": [ -78.634676718345403, -1.661912824235155 ] } },
{ "type": "Feature", "properties": { "id_tramite": "289", "tipo_tramite": "IPRUS", "fecha_ingreso": "2026-07-14", "fecha_ingreso_original": "14/07/2026", "calidad_fecha": "OK", "plataforma": "SIN PLATAFORMA", "parroquia": "Riobamba", "estado": "SIN DATO", "clave_catastral": "SIN DATO", "numero_tramite": "1206193", "OBJECTID": 289, "CODIGO": 302, "ORIG_FID": 288, "fuente_inf": null, "valor_unid": 0.0, "unidad_are": null, "actualizad": null, "fecha_actu": null }, "geometry": { "type": "Point", "coordinates": [ -78.632185163445698, -1.668393218657192 ] } },
{ "type": "Feature", "properties": { "id_tramite": "290", "tipo_tramite": "IPRUS", "fecha_ingreso": "2026-07-14", "fecha_ingreso_original": "14/07/2026", "calidad_fecha": "OK", "plataforma": "A", "parroquia": "Riobamba", "estado": "SIN DATO", "clave_catastral": "SIN DATO", "numero_tramite": "1206237", "OBJECTID": 290, "CODIGO": 303, "ORIG_FID": 289, "fuente_inf": null, "valor_unid": 0.0, "unidad_are": null, "actualizad": null, "fecha_actu": null }, "geometry": { "type": "Point", "coordinates": [ -78.686021516034614, -1.630310725533551 ] } },
{ "type": "Feature", "properties": { "id_tramite": "291", "tipo_tramite": "IPRUS", "fecha_ingreso": "2026-07-14", "fecha_ingreso_original": "14/07/2026", "calidad_fecha": "OK", "plataforma": "A", "parroquia": "Riobamba", "estado": "SIN DATO", "clave_catastral": "SIN DATO", "numero_tramite": "1206366", "OBJECTID": 291, "CODIGO": 304, "ORIG_FID": 290, "fuente_inf": null, "valor_unid": 0.0, "unidad_are": null, "actualizad": null, "fecha_actu": null }, "geometry": { "type": "Point", "coordinates": [ -78.687025025866717, -1.629165439461671 ] } },
{ "type": "Feature", "properties": { "id_tramite": "292", "tipo_tramite": "IPRUS", "fecha_ingreso": "2026-06-14", "fecha_ingreso_original": "14-06-2026", "calidad_fecha": "OK", "plataforma": "SIN PLATAFORMA", "parroquia": "San Luis", "estado": "SIN DATO", "clave_catastral": "SIN DATO", "numero_tramite": "1206366", "OBJECTID": 292, "CODIGO": 305, "ORIG_FID": 291, "fuente_inf": null, "valor_unid": 0.0, "unidad_are": null, "actualizad": null, "fecha_actu": null }, "geometry": { "type": "Point", "coordinates": [ -78.641414690480715, -1.694188804561151 ] } },
{ "type": "Feature", "properties": { "id_tramite": "293", "tipo_tramite": "IPRUS", "fecha_ingreso": "2026-07-14", "fecha_ingreso_original": "14/07/2026", "calidad_fecha": "OK", "plataforma": "J", "parroquia": "Riobamba", "estado": "SIN DATO", "clave_catastral": "SIN DATO", "numero_tramite": "1206724", "OBJECTID": 293, "CODIGO": 306, "ORIG_FID": 292, "fuente_inf": null, "valor_unid": 0.0, "unidad_are": null, "actualizad": null, "fecha_actu": null }, "geometry": { "type": "Point", "coordinates": [ -78.664381021817078, -1.665060496937159 ] } },
{ "type": "Feature", "properties": { "id_tramite": "294", "tipo_tramite": "IPRUS", "fecha_ingreso": "2024-07-14", "fecha_ingreso_original": "14-07-2024", "calidad_fecha": "OK", "plataforma": "M", "parroquia": "Riobamba", "estado": "SIN DATO", "clave_catastral": "SIN DATO", "numero_tramite": "1206788", "OBJECTID": 294, "CODIGO": 307, "ORIG_FID": 293, "fuente_inf": null, "valor_unid": 0.0, "unidad_are": null, "actualizad": null, "fecha_actu": null }, "geometry": { "type": "Point", "coordinates": [ -78.645852225553611, -1.658652807538555 ] } },
{ "type": "Feature", "properties": { "id_tramite": "295", "tipo_tramite": "IPRUS", "fecha_ingreso": "2026-07-14", "fecha_ingreso_original": "14/07/2026", "calidad_fecha": "OK", "plataforma": "B", "parroquia": "Riobamba", "estado": "SIN DATO", "clave_catastral": "SIN DATO", "numero_tramite": "1207118", "OBJECTID": 295, "CODIGO": 308, "ORIG_FID": 294, "fuente_inf": null, "valor_unid": 0.0, "unidad_are": null, "actualizad": null, "fecha_actu": null }, "geometry": { "type": "Point", "coordinates": [ -78.665688088421874, -1.64136927803741 ] } },
{ "type": "Feature", "properties": { "id_tramite": "296", "tipo_tramite": "IPRUS", "fecha_ingreso": "2026-07-14", "fecha_ingreso_original": "14/07/2026", "calidad_fecha": "OK", "plataforma": "O", "parroquia": "Riobamba", "estado": "SIN DATO", "clave_catastral": "SIN DATO", "numero_tramite": "1207673", "OBJECTID": 296, "CODIGO": 309, "ORIG_FID": 295, "fuente_inf": null, "valor_unid": 0.0, "unidad_are": null, "actualizad": null, "fecha_actu": null }, "geometry": { "type": "Point", "coordinates": [ -78.64021131991025, -1.666934726972528 ] } },
{ "type": "Feature", "properties": { "id_tramite": "297", "tipo_tramite": "IPRUS", "fecha_ingreso": "2025-07-15", "fecha_ingreso_original": "15/07/2025", "calidad_fecha": "OK", "plataforma": "SIN PLATAFORMA", "parroquia": "Riobamba", "estado": "SIN DATO", "clave_catastral": "SIN DATO", "numero_tramite": "1208301", "OBJECTID": 297, "CODIGO": 310, "ORIG_FID": 296, "fuente_inf": null, "valor_unid": 0.0, "unidad_are": null, "actualizad": null, "fecha_actu": null }, "geometry": { "type": "Point", "coordinates": [ -78.670820934427709, -1.672482254927681 ] } },
{ "type": "Feature", "properties": { "id_tramite": "298", "tipo_tramite": "IPRUS", "fecha_ingreso": "2026-06-15", "fecha_ingreso_original": "15/06/2026", "calidad_fecha": "OK", "plataforma": "SIN PLATAFORMA", "parroquia": "Riobamba", "estado": "SIN DATO", "clave_catastral": "SIN DATO", "numero_tramite": "1208468", "OBJECTID": 298, "CODIGO": 311, "ORIG_FID": 297, "fuente_inf": null, "valor_unid": 0.0, "unidad_are": null, "actualizad": null, "fecha_actu": null }, "geometry": { "type": "Point", "coordinates": [ -78.675289252224289, -1.665755462079925 ] } },
{ "type": "Feature", "properties": { "id_tramite": "299", "tipo_tramite": "IPRUS", "fecha_ingreso": "2026-07-15", "fecha_ingreso_original": "15/07/2026", "calidad_fecha": "OK", "plataforma": "SIN PLATAFORMA", "parroquia": "San Luis", "estado": "SIN DATO", "clave_catastral": "SIN DATO", "numero_tramite": "1208341", "OBJECTID": 299, "CODIGO": 312, "ORIG_FID": 298, "fuente_inf": null, "valor_unid": 0.0, "unidad_are": null, "actualizad": null, "fecha_actu": null }, "geometry": { "type": "Point", "coordinates": [ -78.627872855687215, -1.702773764543243 ] } },
{ "type": "Feature", "properties": { "id_tramite": "300", "tipo_tramite": "IPRUS", "fecha_ingreso": "2026-07-05", "fecha_ingreso_original": "05-07/2026", "calidad_fecha": "OK", "plataforma": "SIN PLATAFORMA", "parroquia": "Riobamba", "estado": "SIN DATO", "clave_catastral": "SIN DATO", "numero_tramite": "1208473", "OBJECTID": 300, "CODIGO": 313, "ORIG_FID": 299, "fuente_inf": null, "valor_unid": 0.0, "unidad_are": null, "actualizad": null, "fecha_actu": null }, "geometry": { "type": "Point", "coordinates": [ -78.675084875333866, -1.665881113279888 ] } },
{ "type": "Feature", "properties": { "id_tramite": "301", "tipo_tramite": "IPRUS", "fecha_ingreso": "2026-07-15", "fecha_ingreso_original": "15/07/2026", "calidad_fecha": "OK", "plataforma": "SIN PLATAFORMA", "parroquia": "Riobamba", "estado": "SIN DATO", "clave_catastral": "SIN DATO", "numero_tramite": "1208481", "OBJECTID": 301, "CODIGO": 314, "ORIG_FID": 300, "fuente_inf": null, "valor_unid": 0.0, "unidad_are": null, "actualizad": null, "fecha_actu": null }, "geometry": { "type": "Point", "coordinates": [ -78.674882536796133, -1.665954607480848 ] } },
{ "type": "Feature", "properties": { "id_tramite": "302", "tipo_tramite": "IPRUS", "fecha_ingreso": "2026-07-17", "fecha_ingreso_original": "17/07/2026", "calidad_fecha": "OK", "plataforma": "B", "parroquia": "Riobamba", "estado": "SIN DATO", "clave_catastral": "SIN DATO", "numero_tramite": "1208788", "OBJECTID": 302, "CODIGO": 315, "ORIG_FID": 301, "fuente_inf": null, "valor_unid": 0.0, "unidad_are": null, "actualizad": null, "fecha_actu": null }, "geometry": { "type": "Point", "coordinates": [ -78.669819408718851, -1.644190259400908 ] } },
{ "type": "Feature", "properties": { "id_tramite": "303", "tipo_tramite": "IPRUS", "fecha_ingreso": "2026-06-15", "fecha_ingreso_original": "15/06/2026", "calidad_fecha": "OK", "plataforma": "SIN PLATAFORMA", "parroquia": "Riobamba", "estado": "SIN DATO", "clave_catastral": "SIN DATO", "numero_tramite": "1208936", "OBJECTID": 303, "CODIGO": 316, "ORIG_FID": 302, "fuente_inf": null, "valor_unid": 0.0, "unidad_are": null, "actualizad": null, "fecha_actu": null }, "geometry": { "type": "Point", "coordinates": [ -78.634303040588165, -1.645982719140713 ] } },
{ "type": "Feature", "properties": { "id_tramite": "304", "tipo_tramite": "IPRUS", "fecha_ingreso": "2026-07-17", "fecha_ingreso_original": "17/07/2026", "calidad_fecha": "OK", "plataforma": "SIN PLATAFORMA", "parroquia": "Riobamba", "estado": "SIN DATO", "clave_catastral": "SIN DATO", "numero_tramite": "1209290", "OBJECTID": 304, "CODIGO": 317, "ORIG_FID": 303, "fuente_inf": null, "valor_unid": 0.0, "unidad_are": null, "actualizad": null, "fecha_actu": null }, "geometry": { "type": "Point", "coordinates": [ -78.626923247527074, -1.66792954061777 ] } },
{ "type": "Feature", "properties": { "id_tramite": "305", "tipo_tramite": "EXCEDENTES", "fecha_ingreso": "2025-07-17", "fecha_ingreso_original": "17-07-2025", "calidad_fecha": "OK", "plataforma": "SIN PLATAFORMA", "parroquia": "Riobamba", "estado": "SIN DATO", "clave_catastral": "SIN DATO", "numero_tramite": "12008133", "OBJECTID": 305, "CODIGO": 318, "ORIG_FID": 304, "fuente_inf": null, "valor_unid": 0.0, "unidad_are": null, "actualizad": null, "fecha_actu": null }, "geometry": { "type": "Point", "coordinates": [ -78.676412410918687, -1.678628987403763 ] } },
{ "type": "Feature", "properties": { "id_tramite": "306", "tipo_tramite": "EXCEDENTES", "fecha_ingreso": "2026-07-17", "fecha_ingreso_original": "17/07/2026", "calidad_fecha": "OK", "plataforma": "SIN PLATAFORMA", "parroquia": "Quimiag", "estado": "SIN DATO", "clave_catastral": "SIN DATO", "numero_tramite": "1208572", "OBJECTID": 306, "CODIGO": 319, "ORIG_FID": 305, "fuente_inf": null, "valor_unid": 0.0, "unidad_are": null, "actualizad": null, "fecha_actu": null }, "geometry": { "type": "Point", "coordinates": [ -78.58856529154906, -1.692201023156724 ] } },
{ "type": "Feature", "properties": { "id_tramite": "307", "tipo_tramite": "EXCEDENTES", "fecha_ingreso": "2026-07-17", "fecha_ingreso_original": "17/07/2026", "calidad_fecha": "OK", "plataforma": "H", "parroquia": "Riobamba", "estado": "SIN DATO", "clave_catastral": "SIN DATO", "numero_tramite": "1208644", "OBJECTID": 307, "CODIGO": 320, "ORIG_FID": 306, "fuente_inf": null, "valor_unid": 0.0, "unidad_are": null, "actualizad": null, "fecha_actu": null }, "geometry": { "type": "Point", "coordinates": [ -78.668781214714642, -1.655714513029801 ] } },
{ "type": "Feature", "properties": { "id_tramite": "308", "tipo_tramite": "EXCEDENTES", "fecha_ingreso": "2026-07-17", "fecha_ingreso_original": "17/07/2026", "calidad_fecha": "OK", "plataforma": "SIN PLATAFORMA", "parroquia": "Licán", "estado": "SIN DATO", "clave_catastral": "SIN DATO", "numero_tramite": "1208843", "OBJECTID": 308, "CODIGO": 321, "ORIG_FID": 307, "fuente_inf": null, "valor_unid": 0.0, "unidad_are": null, "actualizad": null, "fecha_actu": null }, "geometry": { "type": "Point", "coordinates": [ -78.708085307444932, -1.658587148968494 ] } },
{ "type": "Feature", "properties": { "id_tramite": "309", "tipo_tramite": "EXCEDENTES", "fecha_ingreso": "2026-07-17", "fecha_ingreso_original": "17/07/2026", "calidad_fecha": "OK", "plataforma": "J", "parroquia": "Riobamba", "estado": "SIN DATO", "clave_catastral": "SIN DATO", "numero_tramite": "1208802", "OBJECTID": 309, "CODIGO": 322, "ORIG_FID": 308, "fuente_inf": null, "valor_unid": 0.0, "unidad_are": null, "actualizad": null, "fecha_actu": null }, "geometry": { "type": "Point", "coordinates": [ -78.657046130073056, -1.673866329935406 ] } },
{ "type": "Feature", "properties": { "id_tramite": "310", "tipo_tramite": "EXCEDENTES", "fecha_ingreso": "2026-07-17", "fecha_ingreso_original": "17-07-2026", "calidad_fecha": "OK", "plataforma": "SIN PLATAFORMA", "parroquia": "Riobamba", "estado": "SIN DATO", "clave_catastral": "SIN DATO", "numero_tramite": "1209381", "OBJECTID": 310, "CODIGO": 323, "ORIG_FID": 309, "fuente_inf": null, "valor_unid": 0.0, "unidad_are": null, "actualizad": null, "fecha_actu": null }, "geometry": { "type": "Point", "coordinates": [ -78.656213615046781, -1.689951967388549 ] } },
{ "type": "Feature", "properties": { "id_tramite": "311", "tipo_tramite": "EXCEDENTES", "fecha_ingreso": "2026-07-17", "fecha_ingreso_original": "17-07-2026", "calidad_fecha": "OK", "plataforma": "SIN PLATAFORMA", "parroquia": "Riobamba", "estado": "SIN DATO", "clave_catastral": "SIN DATO", "numero_tramite": "1209376", "OBJECTID": 311, "CODIGO": 324, "ORIG_FID": 310, "fuente_inf": null, "valor_unid": 0.0, "unidad_are": null, "actualizad": null, "fecha_actu": null }, "geometry": { "type": "Point", "coordinates": [ -78.663085677844862, -1.686739176772949 ] } },
{ "type": "Feature", "properties": { "id_tramite": "312", "tipo_tramite": "EXCEDENTES", "fecha_ingreso": "2026-07-17", "fecha_ingreso_original": "17/07/2026", "calidad_fecha": "OK", "plataforma": "SIN PLATAFORMA", "parroquia": "Riobamba", "estado": "SIN DATO", "clave_catastral": "SIN DATO", "numero_tramite": "1209368", "OBJECTID": 312, "CODIGO": 325, "ORIG_FID": 311, "fuente_inf": null, "valor_unid": 0.0, "unidad_are": null, "actualizad": null, "fecha_actu": null }, "geometry": { "type": "Point", "coordinates": [ -78.672003027966483, -1.689764428935189 ] } },
{ "type": "Feature", "properties": { "id_tramite": "313", "tipo_tramite": "IPRUS", "fecha_ingreso": null, "fecha_ingreso_original": "17-07/-2026", "calidad_fecha": "REVISAR", "plataforma": "A", "parroquia": "Riobamba", "estado": "SIN DATO", "clave_catastral": "SIN DATO", "numero_tramite": "1210125", "OBJECTID": 313, "CODIGO": 326, "ORIG_FID": 312, "fuente_inf": null, "valor_unid": 0.0, "unidad_are": null, "actualizad": null, "fecha_actu": null }, "geometry": { "type": "Point", "coordinates": [ -78.685768778018385, -1.624361274517365 ] } },
{ "type": "Feature", "properties": { "id_tramite": "314", "tipo_tramite": "IPRUS", "fecha_ingreso": "2026-07-17", "fecha_ingreso_original": "17/07/2026", "calidad_fecha": "OK", "plataforma": "H", "parroquia": "Riobamba", "estado": "SIN DATO", "clave_catastral": "SIN DATO", "numero_tramite": "1210141", "OBJECTID": 314, "CODIGO": 327, "ORIG_FID": 313, "fuente_inf": null, "valor_unid": 0.0, "unidad_are": null, "actualizad": null, "fecha_actu": null }, "geometry": { "type": "Point", "coordinates": [ -78.670339546557628, -1.661807741206906 ] } },
{ "type": "Feature", "properties": { "id_tramite": "315", "tipo_tramite": "IPRUS", "fecha_ingreso": "2026-07-17", "fecha_ingreso_original": "17/07/2026", "calidad_fecha": "OK", "plataforma": "O", "parroquia": "Riobamba", "estado": "SIN DATO", "clave_catastral": "SIN DATO", "numero_tramite": "1210212", "OBJECTID": 315, "CODIGO": 328, "ORIG_FID": 314, "fuente_inf": null, "valor_unid": 0.0, "unidad_are": null, "actualizad": null, "fecha_actu": null }, "geometry": { "type": "Point", "coordinates": [ -78.637033687948602, -1.667401908086875 ] } },
{ "type": "Feature", "properties": { "id_tramite": "316", "tipo_tramite": "EXCEDENTES", "fecha_ingreso": "2026-07-17", "fecha_ingreso_original": "17/07/2026", "calidad_fecha": "OK", "plataforma": "G", "parroquia": "Riobamba", "estado": "SIN DATO", "clave_catastral": "SIN DATO", "numero_tramite": "1209981", "OBJECTID": 316, "CODIGO": 329, "ORIG_FID": 315, "fuente_inf": null, "valor_unid": 0.0, "unidad_are": null, "actualizad": null, "fecha_actu": null }, "geometry": { "type": "Point", "coordinates": [ -78.662765101168191, -1.647026993402923 ] } },
{ "type": "Feature", "properties": { "id_tramite": "317", "tipo_tramite": "IPRUS", "fecha_ingreso": "2026-07-17", "fecha_ingreso_original": "17/07/2026", "calidad_fecha": "OK", "plataforma": "F", "parroquia": "Riobamba", "estado": "SIN DATO", "clave_catastral": "SIN DATO", "numero_tramite": "1210274", "OBJECTID": 317, "CODIGO": 330, "ORIG_FID": 316, "fuente_inf": null, "valor_unid": 0.0, "unidad_are": null, "actualizad": null, "fecha_actu": null }, "geometry": { "type": "Point", "coordinates": [ -78.668412360822018, -1.652730819306977 ] } },
{ "type": "Feature", "properties": { "id_tramite": "318", "tipo_tramite": "IPRUS", "fecha_ingreso": "2026-07-21", "fecha_ingreso_original": "21/07/2026", "calidad_fecha": "OK", "plataforma": "SIN PLATAFORMA", "parroquia": "Licán", "estado": "SIN DATO", "clave_catastral": "SIN DATO", "numero_tramite": "1210739", "OBJECTID": 318, "CODIGO": 331, "ORIG_FID": 317, "fuente_inf": null, "valor_unid": 0.0, "unidad_are": null, "actualizad": null, "fecha_actu": null }, "geometry": { "type": "Point", "coordinates": [ -78.70071625935482, -1.644746969561914 ] } },
{ "type": "Feature", "properties": { "id_tramite": "319", "tipo_tramite": "IPRUS", "fecha_ingreso": "2026-07-21", "fecha_ingreso_original": "21/07/2026", "calidad_fecha": "OK", "plataforma": "J", "parroquia": "Riobamba", "estado": "SIN DATO", "clave_catastral": "SIN DATO", "numero_tramite": "1210894", "OBJECTID": 319, "CODIGO": 332, "ORIG_FID": 318, "fuente_inf": null, "valor_unid": 0.0, "unidad_are": null, "actualizad": null, "fecha_actu": null }, "geometry": { "type": "Point", "coordinates": [ -78.662692798105411, -1.661020288493399 ] } },
{ "type": "Feature", "properties": { "id_tramite": "320", "tipo_tramite": "IPRUS", "fecha_ingreso": "2026-07-21", "fecha_ingreso_original": "21/07/2026", "calidad_fecha": "OK", "plataforma": "Q", "parroquia": "Riobamba", "estado": "SIN DATO", "clave_catastral": "SIN DATO", "numero_tramite": "1210970", "OBJECTID": 320, "CODIGO": 333, "ORIG_FID": 319, "fuente_inf": null, "valor_unid": 0.0, "unidad_are": null, "actualizad": null, "fecha_actu": null }, "geometry": { "type": "Point", "coordinates": [ -78.627249109556459, -1.678342009309018 ] } },
{ "type": "Feature", "properties": { "id_tramite": "321", "tipo_tramite": "EXCEDENTES", "fecha_ingreso": "2024-07-21", "fecha_ingreso_original": "21/07/2024", "calidad_fecha": "OK", "plataforma": "SIN PLATAFORMA", "parroquia": "Quimiag", "estado": "SIN DATO", "clave_catastral": "SIN DATO", "numero_tramite": "1209743", "OBJECTID": 321, "CODIGO": 334, "ORIG_FID": 320, "fuente_inf": null, "valor_unid": 0.0, "unidad_are": null, "actualizad": null, "fecha_actu": null }, "geometry": { "type": "Point", "coordinates": [ -78.577065743818693, -1.702593986247067 ] } },
{ "type": "Feature", "properties": { "id_tramite": "322", "tipo_tramite": "EXCEDENTES", "fecha_ingreso": "2026-07-21", "fecha_ingreso_original": "21/07/2026", "calidad_fecha": "OK", "plataforma": "SIN PLATAFORMA", "parroquia": "Cubijíes", "estado": "SIN DATO", "clave_catastral": "SIN DATO", "numero_tramite": "1210407", "OBJECTID": 322, "CODIGO": 335, "ORIG_FID": 321, "fuente_inf": null, "valor_unid": 0.0, "unidad_are": null, "actualizad": null, "fecha_actu": null }, "geometry": { "type": "Point", "coordinates": [ -78.599026927633076, -1.654130357678895 ] } },
{ "type": "Feature", "properties": { "id_tramite": "323", "tipo_tramite": "IPRUS", "fecha_ingreso": "2026-07-21", "fecha_ingreso_original": "21/07/2026", "calidad_fecha": "OK", "plataforma": "SIN PLATAFORMA", "parroquia": "San Luis", "estado": "SIN DATO", "clave_catastral": "SIN DATO", "numero_tramite": "1211342", "OBJECTID": 323, "CODIGO": 336, "ORIG_FID": 322, "fuente_inf": null, "valor_unid": 0.0, "unidad_are": null, "actualizad": null, "fecha_actu": null }, "geometry": { "type": "Point", "coordinates": [ -78.64721235285765, -1.701171867831641 ] } },
{ "type": "Feature", "properties": { "id_tramite": "324", "tipo_tramite": "IPRUS", "fecha_ingreso": "2026-07-21", "fecha_ingreso_original": "21/07/2026", "calidad_fecha": "OK", "plataforma": "J", "parroquia": "Riobamba", "estado": "SIN DATO", "clave_catastral": "SIN DATO", "numero_tramite": "1211601", "OBJECTID": 324, "CODIGO": 337, "ORIG_FID": 323, "fuente_inf": null, "valor_unid": 0.0, "unidad_are": null, "actualizad": null, "fecha_actu": null }, "geometry": { "type": "Point", "coordinates": [ -78.654371627179131, -1.67458312065633 ] } },
{ "type": "Feature", "properties": { "id_tramite": "325", "tipo_tramite": "IPRUS", "fecha_ingreso": null, "fecha_ingreso_original": "21/07/02026", "calidad_fecha": "REVISAR", "plataforma": "P", "parroquia": "Riobamba", "estado": "SIN DATO", "clave_catastral": "SIN DATO", "numero_tramite": "1211662", "OBJECTID": 325, "CODIGO": 338, "ORIG_FID": 324, "fuente_inf": null, "valor_unid": 0.0, "unidad_are": null, "actualizad": null, "fecha_actu": null }, "geometry": { "type": "Point", "coordinates": [ -78.642917734161188, -1.683225574861456 ] } },
{ "type": "Feature", "properties": { "id_tramite": "326", "tipo_tramite": "IPRUS", "fecha_ingreso": "2026-07-21", "fecha_ingreso_original": "21/07/2026", "calidad_fecha": "OK", "plataforma": "C", "parroquia": "Riobamba", "estado": "SIN DATO", "clave_catastral": "SIN DATO", "numero_tramite": "1203036", "OBJECTID": 326, "CODIGO": 339, "ORIG_FID": 325, "fuente_inf": null, "valor_unid": 0.0, "unidad_are": null, "actualizad": null, "fecha_actu": null }, "geometry": { "type": "Point", "coordinates": [ -78.681555765479857, -1.638242576386971 ] } },
{ "type": "Feature", "properties": { "id_tramite": "327", "tipo_tramite": "IPRUS", "fecha_ingreso": "2026-07-22", "fecha_ingreso_original": "22/07/2026", "calidad_fecha": "OK", "plataforma": "D", "parroquia": "Riobamba", "estado": "SIN DATO", "clave_catastral": "SIN DATO", "numero_tramite": "1212212", "OBJECTID": 327, "CODIGO": 340, "ORIG_FID": 326, "fuente_inf": null, "valor_unid": 0.0, "unidad_are": null, "actualizad": null, "fecha_actu": null }, "geometry": { "type": "Point", "coordinates": [ -78.685860071135224, -1.652037084054444 ] } },
{ "type": "Feature", "properties": { "id_tramite": "328", "tipo_tramite": "IPRUS", "fecha_ingreso": "2026-07-22", "fecha_ingreso_original": "22/07/2026", "calidad_fecha": "OK", "plataforma": "SIN PLATAFORMA", "parroquia": "Riobamba", "estado": "SIN DATO", "clave_catastral": "SIN DATO", "numero_tramite": "1212277", "OBJECTID": 328, "CODIGO": 341, "ORIG_FID": 327, "fuente_inf": null, "valor_unid": 0.0, "unidad_are": null, "actualizad": null, "fecha_actu": null }, "geometry": { "type": "Point", "coordinates": [ -78.679547937543049, -1.677774175037485 ] } },
{ "type": "Feature", "properties": { "id_tramite": "329", "tipo_tramite": "EXCEDENTES", "fecha_ingreso": "2026-07-22", "fecha_ingreso_original": "22/07/2026", "calidad_fecha": "OK", "plataforma": "M", "parroquia": "Riobamba", "estado": "SIN DATO", "clave_catastral": "SIN DATO", "numero_tramite": "1211804", "OBJECTID": 329, "CODIGO": 342, "ORIG_FID": 328, "fuente_inf": null, "valor_unid": 0.0, "unidad_are": null, "actualizad": null, "fecha_actu": null }, "geometry": { "type": "Point", "coordinates": [ -78.6358116884374, -1.6586291826691 ] } },
{ "type": "Feature", "properties": { "id_tramite": "330", "tipo_tramite": "EXCEDENTES", "fecha_ingreso": "2026-07-22", "fecha_ingreso_original": "22/07/2026", "calidad_fecha": "OK", "plataforma": "SIN PLATAFORMA", "parroquia": "Riobamba", "estado": "SIN DATO", "clave_catastral": "SIN DATO", "numero_tramite": "1211892", "OBJECTID": 330, "CODIGO": 343, "ORIG_FID": 329, "fuente_inf": null, "valor_unid": 0.0, "unidad_are": null, "actualizad": null, "fecha_actu": null }, "geometry": { "type": "Point", "coordinates": [ -78.620720990712059, -1.680783747629516 ] } },
{ "type": "Feature", "properties": { "id_tramite": "331", "tipo_tramite": "IPRUS", "fecha_ingreso": "2026-07-22", "fecha_ingreso_original": "22/07/2026", "calidad_fecha": "OK", "plataforma": "SIN PLATAFORMA", "parroquia": "San Luis", "estado": "SIN DATO", "clave_catastral": "SIN DATO", "numero_tramite": "1212483", "OBJECTID": 331, "CODIGO": 344, "ORIG_FID": 330, "fuente_inf": null, "valor_unid": 0.0, "unidad_are": null, "actualizad": null, "fecha_actu": null }, "geometry": { "type": "Point", "coordinates": [ -78.611528999160086, -1.690642189981751 ] } },
{ "type": "Feature", "properties": { "id_tramite": "332", "tipo_tramite": "IPRUS", "fecha_ingreso": "2026-07-22", "fecha_ingreso_original": "22/07/2026", "calidad_fecha": "OK", "plataforma": "F", "parroquia": "Riobamba", "estado": "SIN DATO", "clave_catastral": "SIN DATO", "numero_tramite": "1212631", "OBJECTID": 332, "CODIGO": 345, "ORIG_FID": 331, "fuente_inf": null, "valor_unid": 0.0, "unidad_are": null, "actualizad": null, "fecha_actu": null }, "geometry": { "type": "Point", "coordinates": [ -78.681207597620869, -1.646650765064898 ] } },
{ "type": "Feature", "properties": { "id_tramite": "333", "tipo_tramite": "IPRUS", "fecha_ingreso": "2026-07-22", "fecha_ingreso_original": "22/07/2026", "calidad_fecha": "OK", "plataforma": "G", "parroquia": "Riobamba", "estado": "SIN DATO", "clave_catastral": "SIN DATO", "numero_tramite": "1212656", "OBJECTID": 333, "CODIGO": 346, "ORIG_FID": 332, "fuente_inf": null, "valor_unid": 0.0, "unidad_are": null, "actualizad": null, "fecha_actu": null }, "geometry": { "type": "Point", "coordinates": [ -78.660971095384014, -1.649943508672066 ] } },
{ "type": "Feature", "properties": { "id_tramite": "334", "tipo_tramite": "IPRUS", "fecha_ingreso": "2026-07-22", "fecha_ingreso_original": "22/07/2026", "calidad_fecha": "OK", "plataforma": "G", "parroquia": "Riobamba", "estado": "SIN DATO", "clave_catastral": "SIN DATO", "numero_tramite": "1212656", "OBJECTID": 334, "CODIGO": 347, "ORIG_FID": 333, "fuente_inf": null, "valor_unid": 0.0, "unidad_are": null, "actualizad": null, "fecha_actu": null }, "geometry": { "type": "Point", "coordinates": [ -78.660971095384014, -1.649943508672066 ] } },
{ "type": "Feature", "properties": { "id_tramite": "335", "tipo_tramite": "IPRUS", "fecha_ingreso": "2026-07-22", "fecha_ingreso_original": "22/07/2026", "calidad_fecha": "OK", "plataforma": "Q", "parroquia": "Riobamba", "estado": "SIN DATO", "clave_catastral": "SIN DATO", "numero_tramite": "1212771", "OBJECTID": 335, "CODIGO": 348, "ORIG_FID": 334, "fuente_inf": null, "valor_unid": 0.0, "unidad_are": null, "actualizad": null, "fecha_actu": null }, "geometry": { "type": "Point", "coordinates": [ -78.632937901407757, -1.680544351850506 ] } },
{ "type": "Feature", "properties": { "id_tramite": "336", "tipo_tramite": "IPRUS", "fecha_ingreso": "2026-07-22", "fecha_ingreso_original": "22/07/2026", "calidad_fecha": "OK", "plataforma": "Ñ", "parroquia": "Riobamba", "estado": "SIN DATO", "clave_catastral": "SIN DATO", "numero_tramite": "1213109", "OBJECTID": 336, "CODIGO": 349, "ORIG_FID": 335, "fuente_inf": null, "valor_unid": 0.0, "unidad_are": null, "actualizad": null, "fecha_actu": null }, "geometry": { "type": "Point", "coordinates": [ -78.653231639365529, -1.679219524424222 ] } },
{ "type": "Feature", "properties": { "id_tramite": "337", "tipo_tramite": "IPRUS", "fecha_ingreso": "2026-07-22", "fecha_ingreso_original": "22/07/2026", "calidad_fecha": "OK", "plataforma": "SIN PLATAFORMA", "parroquia": "Licto", "estado": "SIN DATO", "clave_catastral": "SIN DATO", "numero_tramite": "1213127", "OBJECTID": 337, "CODIGO": 350, "ORIG_FID": 336, "fuente_inf": null, "valor_unid": 0.0, "unidad_are": null, "actualizad": null, "fecha_actu": null }, "geometry": { "type": "Point", "coordinates": [ -78.633940953605048, -1.753971334443704 ] } },
{ "type": "Feature", "properties": { "id_tramite": "339", "tipo_tramite": "IPRUS", "fecha_ingreso": "2026-07-22", "fecha_ingreso_original": "22/07/2026", "calidad_fecha": "OK", "plataforma": "Q", "parroquia": "Riobamba", "estado": "SIN DATO", "clave_catastral": "SIN DATO", "numero_tramite": "1213255", "OBJECTID": 339, "CODIGO": 352, "ORIG_FID": 338, "fuente_inf": null, "valor_unid": 0.0, "unidad_are": null, "actualizad": null, "fecha_actu": null }, "geometry": { "type": "Point", "coordinates": [ -78.629219872424983, -1.677365150378154 ] } },
{ "type": "Feature", "properties": { "id_tramite": "340", "tipo_tramite": "IPRUS", "fecha_ingreso": "2026-07-22", "fecha_ingreso_original": "22/07/2026", "calidad_fecha": "OK", "plataforma": "G", "parroquia": "Riobamba", "estado": "SIN DATO", "clave_catastral": "SIN DATO", "numero_tramite": "1213354", "OBJECTID": 340, "CODIGO": 353, "ORIG_FID": 339, "fuente_inf": null, "valor_unid": 0.0, "unidad_are": null, "actualizad": null, "fecha_actu": null }, "geometry": { "type": "Point", "coordinates": [ -78.66849002170251, -1.644429785196414 ] } },
{ "type": "Feature", "properties": { "id_tramite": "341", "tipo_tramite": "IPRUS", "fecha_ingreso": "2026-07-22", "fecha_ingreso_original": "22/07/2026", "calidad_fecha": "OK", "plataforma": "M", "parroquia": "Riobamba", "estado": "SIN DATO", "clave_catastral": "SIN DATO", "numero_tramite": "1213366", "OBJECTID": 341, "CODIGO": 354, "ORIG_FID": 340, "fuente_inf": null, "valor_unid": 0.0, "unidad_are": null, "actualizad": null, "fecha_actu": null }, "geometry": { "type": "Point", "coordinates": [ -78.640700436188936, -1.656141431748734 ] } },
{ "type": "Feature", "properties": { "id_tramite": "342", "tipo_tramite": "IPRUS", "fecha_ingreso": "2026-07-23", "fecha_ingreso_original": "23/07/2026", "calidad_fecha": "OK", "plataforma": "SIN PLATAFORMA", "parroquia": "Quimiag", "estado": "SIN DATO", "clave_catastral": "SIN DATO", "numero_tramite": "1213370", "OBJECTID": 342, "CODIGO": 355, "ORIG_FID": 341, "fuente_inf": null, "valor_unid": 0.0, "unidad_are": null, "actualizad": null, "fecha_actu": null }, "geometry": { "type": "Point", "coordinates": [ -78.566409041287329, -1.640115858415062 ] } },
{ "type": "Feature", "properties": { "id_tramite": "343", "tipo_tramite": "IPRUS", "fecha_ingreso": "2026-07-23", "fecha_ingreso_original": "23/07/2026", "calidad_fecha": "OK", "plataforma": "F", "parroquia": "Riobamba", "estado": "SIN DATO", "clave_catastral": "SIN DATO", "numero_tramite": "1213429", "OBJECTID": 343, "CODIGO": 356, "ORIG_FID": 342, "fuente_inf": null, "valor_unid": 0.0, "unidad_are": null, "actualizad": null, "fecha_actu": null }, "geometry": { "type": "Point", "coordinates": [ -78.671897872660296, -1.655364472304207 ] } },
{ "type": "Feature", "properties": { "id_tramite": "344", "tipo_tramite": "IPRUS", "fecha_ingreso": "2026-07-23", "fecha_ingreso_original": "23/07/2026", "calidad_fecha": "OK", "plataforma": "C", "parroquia": "Riobamba", "estado": "SIN DATO", "clave_catastral": "SIN DATO", "numero_tramite": "1213613", "OBJECTID": 344, "CODIGO": 357, "ORIG_FID": 343, "fuente_inf": null, "valor_unid": 0.0, "unidad_are": null, "actualizad": null, "fecha_actu": null }, "geometry": { "type": "Point", "coordinates": [ -78.682526614659636, -1.645069378404556 ] } },
{ "type": "Feature", "properties": { "id_tramite": "345", "tipo_tramite": "IPRUS", "fecha_ingreso": "2026-07-23", "fecha_ingreso_original": "23/07/2026", "calidad_fecha": "OK", "plataforma": "I", "parroquia": "Riobamba", "estado": "SIN DATO", "clave_catastral": "SIN DATO", "numero_tramite": "1213669", "OBJECTID": 345, "CODIGO": 358, "ORIG_FID": 344, "fuente_inf": null, "valor_unid": 0.0, "unidad_are": null, "actualizad": null, "fecha_actu": null }, "geometry": { "type": "Point", "coordinates": [ -78.657535545702956, -1.663386154573812 ] } },
{ "type": "Feature", "properties": { "id_tramite": "346", "tipo_tramite": "EXCEDENTES", "fecha_ingreso": "2026-07-23", "fecha_ingreso_original": "23/07/2026", "calidad_fecha": "OK", "plataforma": "SIN PLATAFORMA", "parroquia": "Riobamba", "estado": "SIN DATO", "clave_catastral": "SIN DATO", "numero_tramite": "1212488", "OBJECTID": 346, "CODIGO": 359, "ORIG_FID": 345, "fuente_inf": null, "valor_unid": 0.0, "unidad_are": null, "actualizad": null, "fecha_actu": null }, "geometry": { "type": "Point", "coordinates": [ -78.633935678884839, -1.653954030547551 ] } },
{ "type": "Feature", "properties": { "id_tramite": "347", "tipo_tramite": "EXCEDENTES", "fecha_ingreso": "2026-07-23", "fecha_ingreso_original": "23/07/2026", "calidad_fecha": "OK", "plataforma": "SIN PLATAFORMA", "parroquia": "Quimiag", "estado": "SIN DATO", "clave_catastral": "SIN DATO", "numero_tramite": "1212435", "OBJECTID": 347, "CODIGO": 360, "ORIG_FID": 346, "fuente_inf": null, "valor_unid": 0.0, "unidad_are": null, "actualizad": null, "fecha_actu": null }, "geometry": { "type": "Point", "coordinates": [ -78.562697742216983, -1.655547983766335 ] } },
{ "type": "Feature", "properties": { "id_tramite": "348", "tipo_tramite": "IPRUS", "fecha_ingreso": "2026-07-24", "fecha_ingreso_original": "24/07/2026", "calidad_fecha": "OK", "plataforma": "J", "parroquia": "Riobamba", "estado": "SIN DATO", "clave_catastral": "SIN DATO", "numero_tramite": "1213862", "OBJECTID": 348, "CODIGO": 361, "ORIG_FID": 347, "fuente_inf": null, "valor_unid": 0.0, "unidad_are": null, "actualizad": null, "fecha_actu": null }, "geometry": { "type": "Point", "coordinates": [ -78.655557520562382, -1.670202187217771 ] } },
{ "type": "Feature", "properties": { "id_tramite": "349", "tipo_tramite": "IPRUS", "fecha_ingreso": "2026-07-24", "fecha_ingreso_original": "24/07/2026", "calidad_fecha": "OK", "plataforma": "J", "parroquia": "Riobamba", "estado": "SIN DATO", "clave_catastral": "SIN DATO", "numero_tramite": "1214139", "OBJECTID": 349, "CODIGO": 362, "ORIG_FID": 348, "fuente_inf": null, "valor_unid": 0.0, "unidad_are": null, "actualizad": null, "fecha_actu": null }, "geometry": { "type": "Point", "coordinates": [ -78.657403482317321, -1.671445980960111 ] } },
{ "type": "Feature", "properties": { "id_tramite": "350", "tipo_tramite": "IPRUS", "fecha_ingreso": "2026-07-24", "fecha_ingreso_original": "24/07/2026", "calidad_fecha": "OK", "plataforma": "P", "parroquia": "Riobamba", "estado": "SIN DATO", "clave_catastral": "SIN DATO", "numero_tramite": "1214330", "OBJECTID": 350, "CODIGO": 363, "ORIG_FID": 349, "fuente_inf": null, "valor_unid": 0.0, "unidad_are": null, "actualizad": null, "fecha_actu": null }, "geometry": { "type": "Point", "coordinates": [ -78.637221940768654, -1.687655221762186 ] } },
{ "type": "Feature", "properties": { "id_tramite": "351", "tipo_tramite": "IPRUS", "fecha_ingreso": "2026-07-24", "fecha_ingreso_original": "24/07/2026", "calidad_fecha": "OK", "plataforma": "J", "parroquia": "Riobamba", "estado": "SIN DATO", "clave_catastral": "SIN DATO", "numero_tramite": "1214434", "OBJECTID": 351, "CODIGO": 364, "ORIG_FID": 350, "fuente_inf": null, "valor_unid": 0.0, "unidad_are": null, "actualizad": null, "fecha_actu": null }, "geometry": { "type": "Point", "coordinates": [ -78.656585344373184, -1.67604569286885 ] } },
{ "type": "Feature", "properties": { "id_tramite": "352", "tipo_tramite": "IPRUS", "fecha_ingreso": "2026-07-24", "fecha_ingreso_original": "24/07/2026", "calidad_fecha": "OK", "plataforma": "I", "parroquia": "Riobamba", "estado": "SIN DATO", "clave_catastral": "SIN DATO", "numero_tramite": "1214537", "OBJECTID": 352, "CODIGO": 365, "ORIG_FID": 351, "fuente_inf": null, "valor_unid": 0.0, "unidad_are": null, "actualizad": null, "fecha_actu": null }, "geometry": { "type": "Point", "coordinates": [ -78.653872030304839, -1.662231602742738 ] } },
{ "type": "Feature", "properties": { "id_tramite": "353", "tipo_tramite": "IPRUS", "fecha_ingreso": "2026-07-27", "fecha_ingreso_original": "27/07/2026", "calidad_fecha": "OK", "plataforma": "SIN PLATAFORMA", "parroquia": "San Luis", "estado": "SIN DATO", "clave_catastral": "SIN DATO", "numero_tramite": "1214538", "OBJECTID": 353, "CODIGO": 366, "ORIG_FID": 352, "fuente_inf": null, "valor_unid": 0.0, "unidad_are": null, "actualizad": null, "fecha_actu": null }, "geometry": { "type": "Point", "coordinates": [ -78.636161812338898, -1.691165536705586 ] } },
{ "type": "Feature", "properties": { "id_tramite": "354", "tipo_tramite": "IPRUS", "fecha_ingreso": "2026-07-24", "fecha_ingreso_original": "24/07/2026", "calidad_fecha": "OK", "plataforma": "D", "parroquia": "Riobamba", "estado": "SIN DATO", "clave_catastral": "SIN DATO", "numero_tramite": "1214734", "OBJECTID": 354, "CODIGO": 367, "ORIG_FID": 353, "fuente_inf": null, "valor_unid": 0.0, "unidad_are": null, "actualizad": null, "fecha_actu": null }, "geometry": { "type": "Point", "coordinates": [ -78.688156254026396, -1.653482775952426 ] } },
{ "type": "Feature", "properties": { "id_tramite": "355", "tipo_tramite": "IPRUS", "fecha_ingreso": "2026-07-24", "fecha_ingreso_original": "24/07/2026", "calidad_fecha": "OK", "plataforma": "K", "parroquia": "Riobamba", "estado": "SIN DATO", "clave_catastral": "SIN DATO", "numero_tramite": "1214633", "OBJECTID": 355, "CODIGO": 368, "ORIG_FID": 354, "fuente_inf": null, "valor_unid": 0.0, "unidad_are": null, "actualizad": null, "fecha_actu": null }, "geometry": { "type": "Point", "coordinates": [ -78.646297126061697, -1.668822001178546 ] } },
{ "type": "Feature", "properties": { "id_tramite": "356", "tipo_tramite": "IPRUS", "fecha_ingreso": "2026-07-24", "fecha_ingreso_original": "24/07/2026", "calidad_fecha": "OK", "plataforma": "J", "parroquia": "Riobamba", "estado": "SIN DATO", "clave_catastral": "SIN DATO", "numero_tramite": "1214972", "OBJECTID": 356, "CODIGO": 369, "ORIG_FID": 355, "fuente_inf": null, "valor_unid": 0.0, "unidad_are": null, "actualizad": null, "fecha_actu": null }, "geometry": { "type": "Point", "coordinates": [ -78.652106390175561, -1.676066347700583 ] } },
{ "type": "Feature", "properties": { "id_tramite": "357", "tipo_tramite": "IPRUS", "fecha_ingreso": "2026-07-24", "fecha_ingreso_original": "24/07/2026", "calidad_fecha": "OK", "plataforma": "M", "parroquia": "Riobamba", "estado": "SIN DATO", "clave_catastral": "SIN DATO", "numero_tramite": "12141", "OBJECTID": 357, "CODIGO": 370, "ORIG_FID": 356, "fuente_inf": null, "valor_unid": 0.0, "unidad_are": null, "actualizad": null, "fecha_actu": null }, "geometry": { "type": "Point", "coordinates": [ -78.640077095759267, -1.662215740367419 ] } },
{ "type": "Feature", "properties": { "id_tramite": "358", "tipo_tramite": "IPRUS", "fecha_ingreso": "2026-07-24", "fecha_ingreso_original": "24/07/2026", "calidad_fecha": "OK", "plataforma": "H", "parroquia": "Riobamba", "estado": "SIN DATO", "clave_catastral": "SIN DATO", "numero_tramite": "1215141", "OBJECTID": 358, "CODIGO": 371, "ORIG_FID": 357, "fuente_inf": null, "valor_unid": 0.0, "unidad_are": null, "actualizad": null, "fecha_actu": null }, "geometry": { "type": "Point", "coordinates": [ -78.668677717459005, -1.654177326758779 ] } },
{ "type": "Feature", "properties": { "id_tramite": "359", "tipo_tramite": "IPRUS", "fecha_ingreso": "2026-07-28", "fecha_ingreso_original": "28/07/2026", "calidad_fecha": "OK", "plataforma": "G", "parroquia": "Riobamba", "estado": "SIN DATO", "clave_catastral": "SIN DATO", "numero_tramite": "1215774", "OBJECTID": 359, "CODIGO": 372, "ORIG_FID": 358, "fuente_inf": null, "valor_unid": 0.0, "unidad_are": null, "actualizad": null, "fecha_actu": null }, "geometry": { "type": "Point", "coordinates": [ -78.664447313147846, -1.653584476582388 ] } },
{ "type": "Feature", "properties": { "id_tramite": "360", "tipo_tramite": "EXCEDENTES", "fecha_ingreso": "2026-07-28", "fecha_ingreso_original": "28/07/2026", "calidad_fecha": "OK", "plataforma": "I", "parroquia": "Riobamba", "estado": "SIN DATO", "clave_catastral": "SIN DATO", "numero_tramite": "1214366", "OBJECTID": 360, "CODIGO": 373, "ORIG_FID": 359, "fuente_inf": null, "valor_unid": 0.0, "unidad_are": null, "actualizad": null, "fecha_actu": null }, "geometry": { "type": "Point", "coordinates": [ -78.659473126141378, -1.660746734646315 ] } },
{ "type": "Feature", "properties": { "id_tramite": "361", "tipo_tramite": "EXCEDENTES", "fecha_ingreso": "2026-07-28", "fecha_ingreso_original": "28/07/2026", "calidad_fecha": "OK", "plataforma": "Ñ", "parroquia": "Riobamba", "estado": "SIN DATO", "clave_catastral": "SIN DATO", "numero_tramite": "1214435", "OBJECTID": 361, "CODIGO": 374, "ORIG_FID": 360, "fuente_inf": null, "valor_unid": 0.0, "unidad_are": null, "actualizad": null, "fecha_actu": null }, "geometry": { "type": "Point", "coordinates": [ -78.645861957484328, -1.677128153996761 ] } },
{ "type": "Feature", "properties": { "id_tramite": "362", "tipo_tramite": "EXCEDENTES", "fecha_ingreso": "2026-07-28", "fecha_ingreso_original": "28/07/2026", "calidad_fecha": "OK", "plataforma": "Ñ", "parroquia": "Riobamba", "estado": "SIN DATO", "clave_catastral": "SIN DATO", "numero_tramite": "1214942", "OBJECTID": 362, "CODIGO": 375, "ORIG_FID": 361, "fuente_inf": null, "valor_unid": 0.0, "unidad_are": null, "actualizad": null, "fecha_actu": null }, "geometry": { "type": "Point", "coordinates": [ -78.647249032634193, -1.673544154183671 ] } },
{ "type": "Feature", "properties": { "id_tramite": "363", "tipo_tramite": "EXCEDENTES", "fecha_ingreso": "2026-07-28", "fecha_ingreso_original": "28/07/2026", "calidad_fecha": "OK", "plataforma": "M", "parroquia": "Riobamba", "estado": "SIN DATO", "clave_catastral": "SIN DATO", "numero_tramite": "1215291", "OBJECTID": 363, "CODIGO": 376, "ORIG_FID": 362, "fuente_inf": null, "valor_unid": 0.0, "unidad_are": null, "actualizad": null, "fecha_actu": null }, "geometry": { "type": "Point", "coordinates": [ -78.63752170594222, -1.656127892757587 ] } },
{ "type": "Feature", "properties": { "id_tramite": "364", "tipo_tramite": "EXCEDENTES", "fecha_ingreso": "2026-07-28", "fecha_ingreso_original": "28/07/2026", "calidad_fecha": "OK", "plataforma": "Ñ", "parroquia": "Riobamba", "estado": "SIN DATO", "clave_catastral": "SIN DATO", "numero_tramite": "1215268", "OBJECTID": 364, "CODIGO": 377, "ORIG_FID": 363, "fuente_inf": null, "valor_unid": 0.0, "unidad_are": null, "actualizad": null, "fecha_actu": null }, "geometry": { "type": "Point", "coordinates": [ -78.653935352362637, -1.680343697771165 ] } },
{ "type": "Feature", "properties": { "id_tramite": "365", "tipo_tramite": "IPRUS", "fecha_ingreso": "2026-07-28", "fecha_ingreso_original": "28/07/2026", "calidad_fecha": "OK", "plataforma": "C", "parroquia": "Riobamba", "estado": "SIN DATO", "clave_catastral": "SIN DATO", "numero_tramite": "1216044", "OBJECTID": 365, "CODIGO": 378, "ORIG_FID": 364, "fuente_inf": null, "valor_unid": 0.0, "unidad_are": null, "actualizad": null, "fecha_actu": null }, "geometry": { "type": "Point", "coordinates": [ -78.683622390296762, -1.641406581579253 ] } },
{ "type": "Feature", "properties": { "id_tramite": "366", "tipo_tramite": "IPRUS", "fecha_ingreso": "2026-07-28", "fecha_ingreso_original": "28/07/2026", "calidad_fecha": "OK", "plataforma": "H", "parroquia": "Riobamba", "estado": "SIN DATO", "clave_catastral": "SIN DATO", "numero_tramite": "1216044", "OBJECTID": 366, "CODIGO": 379, "ORIG_FID": 365, "fuente_inf": null, "valor_unid": 0.0, "unidad_are": null, "actualizad": null, "fecha_actu": null }, "geometry": { "type": "Point", "coordinates": [ -78.66514128430039, -1.661473296331915 ] } },
{ "type": "Feature", "properties": { "id_tramite": "367", "tipo_tramite": "IPRUS", "fecha_ingreso": "2026-07-28", "fecha_ingreso_original": "28/07/2026", "calidad_fecha": "OK", "plataforma": "J", "parroquia": "Riobamba", "estado": "SIN DATO", "clave_catastral": "SIN DATO", "numero_tramite": "1212336", "OBJECTID": 367, "CODIGO": 380, "ORIG_FID": 366, "fuente_inf": null, "valor_unid": 0.0, "unidad_are": null, "actualizad": null, "fecha_actu": null }, "geometry": { "type": "Point", "coordinates": [ -78.663901923345975, -1.668233251796804 ] } },
{ "type": "Feature", "properties": { "id_tramite": "368", "tipo_tramite": "IPRUS", "fecha_ingreso": "2026-07-28", "fecha_ingreso_original": "28/07/2026", "calidad_fecha": "OK", "plataforma": "P", "parroquia": "Riobamba", "estado": "SIN DATO", "clave_catastral": "SIN DATO", "numero_tramite": "1216044", "OBJECTID": 368, "CODIGO": 381, "ORIG_FID": 367, "fuente_inf": null, "valor_unid": 0.0, "unidad_are": null, "actualizad": null, "fecha_actu": null }, "geometry": { "type": "Point", "coordinates": [ -78.632802057461859, -1.689262878240659 ] } },
{ "type": "Feature", "properties": { "id_tramite": "369", "tipo_tramite": "IPRUS", "fecha_ingreso": "2026-07-28", "fecha_ingreso_original": "28/07/2026", "calidad_fecha": "OK", "plataforma": "SIN PLATAFORMA", "parroquia": "San Luis", "estado": "SIN DATO", "clave_catastral": "SIN DATO", "numero_tramite": "1217175", "OBJECTID": 369, "CODIGO": 382, "ORIG_FID": 368, "fuente_inf": null, "valor_unid": 0.0, "unidad_are": null, "actualizad": null, "fecha_actu": null }, "geometry": { "type": "Point", "coordinates": [ -78.628071531592568, -1.697282520505882 ] } },
{ "type": "Feature", "properties": { "id_tramite": "370", "tipo_tramite": "IPRUS", "fecha_ingreso": "2026-07-28", "fecha_ingreso_original": "28/07/2026", "calidad_fecha": "OK", "plataforma": "SIN PLATAFORMA", "parroquia": "Riobamba", "estado": "SIN DATO", "clave_catastral": "SIN DATO", "numero_tramite": "1217206", "OBJECTID": 370, "CODIGO": 383, "ORIG_FID": 369, "fuente_inf": null, "valor_unid": 0.0, "unidad_are": null, "actualizad": null, "fecha_actu": null }, "geometry": { "type": "Point", "coordinates": [ -78.624947649018551, -1.679359548572408 ] } },
{ "type": "Feature", "properties": { "id_tramite": "371", "tipo_tramite": "IPRUS", "fecha_ingreso": "2026-07-28", "fecha_ingreso_original": "28/07/2026", "calidad_fecha": "OK", "plataforma": "SIN PLATAFORMA", "parroquia": "Riobamba", "estado": "SIN DATO", "clave_catastral": "SIN DATO", "numero_tramite": "1217230", "OBJECTID": 371, "CODIGO": 384, "ORIG_FID": 370, "fuente_inf": null, "valor_unid": 0.0, "unidad_are": null, "actualizad": null, "fecha_actu": null }, "geometry": { "type": "Point", "coordinates": [ -78.632482633833249, -1.649767456029314 ] } },
{ "type": "Feature", "properties": { "id_tramite": "372", "tipo_tramite": "EXCEDENTES", "fecha_ingreso": "2026-07-28", "fecha_ingreso_original": "28/07/2026", "calidad_fecha": "OK", "plataforma": "SIN PLATAFORMA", "parroquia": "San Luis", "estado": "SIN DATO", "clave_catastral": "SIN DATO", "numero_tramite": "1215903", "OBJECTID": 372, "CODIGO": 385, "ORIG_FID": 371, "fuente_inf": null, "valor_unid": 0.0, "unidad_are": null, "actualizad": null, "fecha_actu": null }, "geometry": { "type": "Point", "coordinates": [ -78.636676873384602, -1.69140504954153 ] } },
{ "type": "Feature", "properties": { "id_tramite": "373", "tipo_tramite": "EXCEDENTES", "fecha_ingreso": "2026-07-28", "fecha_ingreso_original": "28/07/2026", "calidad_fecha": "OK", "plataforma": "H", "parroquia": "Riobamba", "estado": "SIN DATO", "clave_catastral": "SIN DATO", "numero_tramite": "1216770", "OBJECTID": 373, "CODIGO": 386, "ORIG_FID": 372, "fuente_inf": null, "valor_unid": 0.0, "unidad_are": null, "actualizad": null, "fecha_actu": null }, "geometry": { "type": "Point", "coordinates": [ -78.666400270625601, -1.654544764218237 ] } },
{ "type": "Feature", "properties": { "id_tramite": "374", "tipo_tramite": "EXCEDENTES", "fecha_ingreso": "2026-07-28", "fecha_ingreso_original": "28/07/2026", "calidad_fecha": "OK", "plataforma": "SIN PLATAFORMA", "parroquia": "Riobamba", "estado": "SIN DATO", "clave_catastral": "SIN DATO", "numero_tramite": "1216885", "OBJECTID": 374, "CODIGO": 387, "ORIG_FID": 373, "fuente_inf": null, "valor_unid": 0.0, "unidad_are": null, "actualizad": null, "fecha_actu": null }, "geometry": { "type": "Point", "coordinates": [ -78.630258151485648, -1.660626898325007 ] } },
{ "type": "Feature", "properties": { "id_tramite": "375", "tipo_tramite": "EXCEDENTES", "fecha_ingreso": "2026-07-28", "fecha_ingreso_original": "28/07/2026", "calidad_fecha": "OK", "plataforma": "SIN PLATAFORMA", "parroquia": "Licán", "estado": "SIN DATO", "clave_catastral": "SIN DATO", "numero_tramite": "1216863", "OBJECTID": 375, "CODIGO": 388, "ORIG_FID": 374, "fuente_inf": null, "valor_unid": 0.0, "unidad_are": null, "actualizad": null, "fecha_actu": null }, "geometry": { "type": "Point", "coordinates": [ -78.711027712219163, -1.641874306813883 ] } },
{ "type": "Feature", "properties": { "id_tramite": "376", "tipo_tramite": "IPRUS", "fecha_ingreso": "2026-07-29", "fecha_ingreso_original": "29/07/2026", "calidad_fecha": "OK", "plataforma": "J", "parroquia": "Riobamba", "estado": "SIN DATO", "clave_catastral": "SIN DATO", "numero_tramite": "1217776", "OBJECTID": 376, "CODIGO": 389, "ORIG_FID": 375, "fuente_inf": null, "valor_unid": 0.0, "unidad_are": null, "actualizad": null, "fecha_actu": null }, "geometry": { "type": "Point", "coordinates": [ -78.661925703408315, -1.671333430985616 ] } },
{ "type": "Feature", "properties": { "id_tramite": "377", "tipo_tramite": "IPRUS", "fecha_ingreso": "2026-07-29", "fecha_ingreso_original": "29/07/2026", "calidad_fecha": "OK", "plataforma": "L", "parroquia": "Riobamba", "estado": "SIN DATO", "clave_catastral": "SIN DATO", "numero_tramite": "1217776", "OBJECTID": 377, "CODIGO": 390, "ORIG_FID": 376, "fuente_inf": null, "valor_unid": 0.0, "unidad_are": null, "actualizad": null, "fecha_actu": null }, "geometry": { "type": "Point", "coordinates": [ -78.646919881898057, -1.653037960593212 ] } },
{ "type": "Feature", "properties": { "id_tramite": "378", "tipo_tramite": "IPRUS", "fecha_ingreso": "2026-07-29", "fecha_ingreso_original": "29/07/2026", "calidad_fecha": "OK", "plataforma": "M", "parroquia": "Riobamba", "estado": "SIN DATO", "clave_catastral": "SIN DATO", "numero_tramite": "1218397", "OBJECTID": 378, "CODIGO": 391, "ORIG_FID": 377, "fuente_inf": null, "valor_unid": 0.0, "unidad_are": null, "actualizad": null, "fecha_actu": null }, "geometry": { "type": "Point", "coordinates": [ -78.640480344253675, -1.665430927413125 ] } },
{ "type": "Feature", "properties": { "id_tramite": "379", "tipo_tramite": "EXCEDENTES", "fecha_ingreso": null, "fecha_ingreso_original": "31/007/2026", "calidad_fecha": "REVISAR", "plataforma": "SIN PLATAFORMA", "parroquia": "Cubijíes", "estado": "SIN DATO", "clave_catastral": "SIN DATO", "numero_tramite": "1140534", "OBJECTID": 379, "CODIGO": 392, "ORIG_FID": 378, "fuente_inf": null, "valor_unid": 0.0, "unidad_are": null, "actualizad": null, "fecha_actu": null }, "geometry": { "type": "Point", "coordinates": [ -78.608807896174326, -1.676117741483182 ] } },
{ "type": "Feature", "properties": { "id_tramite": "380", "tipo_tramite": "EXCEDENTES", "fecha_ingreso": "2026-07-31", "fecha_ingreso_original": "31/07/2026", "calidad_fecha": "OK", "plataforma": "Ñ", "parroquia": "Riobamba", "estado": "SIN DATO", "clave_catastral": "SIN DATO", "numero_tramite": "1217464", "OBJECTID": 380, "CODIGO": 393, "ORIG_FID": 379, "fuente_inf": null, "valor_unid": 0.0, "unidad_are": null, "actualizad": null, "fecha_actu": null }, "geometry": { "type": "Point", "coordinates": [ -78.654009972078285, -1.680390675558451 ] } },
{ "type": "Feature", "properties": { "id_tramite": "381", "tipo_tramite": "EXCEDENTES", "fecha_ingreso": "2026-07-31", "fecha_ingreso_original": "31/07/2026", "calidad_fecha": "OK", "plataforma": "SIN PLATAFORMA", "parroquia": "Punín", "estado": "SIN DATO", "clave_catastral": "SIN DATO", "numero_tramite": "1217464", "OBJECTID": 381, "CODIGO": 394, "ORIG_FID": 380, "fuente_inf": null, "valor_unid": 0.0, "unidad_are": null, "actualizad": null, "fecha_actu": null }, "geometry": { "type": "Point", "coordinates": [ -78.659222558299717, -1.801908979728189 ] } },
{ "type": "Feature", "properties": { "id_tramite": "382", "tipo_tramite": "IPRUS", "fecha_ingreso": "2026-08-03", "fecha_ingreso_original": "03/08/2026", "calidad_fecha": "OK", "plataforma": "SIN PLATAFORMA", "parroquia": "Riobamba", "estado": "SIN DATO", "clave_catastral": "SIN DATO", "numero_tramite": "1218491", "OBJECTID": 382, "CODIGO": 395, "ORIG_FID": 381, "fuente_inf": null, "valor_unid": 0.0, "unidad_are": null, "actualizad": null, "fecha_actu": null }, "geometry": { "type": "Point", "coordinates": [ -78.659280542841501, -1.683410170298536 ] } },
{ "type": "Feature", "properties": { "id_tramite": "383", "tipo_tramite": "IPRUS", "fecha_ingreso": "2026-08-03", "fecha_ingreso_original": "3/08/2026", "calidad_fecha": "OK", "plataforma": "SIN PLATAFORMA", "parroquia": "Punín", "estado": "SIN DATO", "clave_catastral": "SIN DATO", "numero_tramite": "1218670", "OBJECTID": 383, "CODIGO": 396, "ORIG_FID": 382, "fuente_inf": null, "valor_unid": 0.0, "unidad_are": null, "actualizad": null, "fecha_actu": null }, "geometry": { "type": "Point", "coordinates": [ -78.655349671378517, -1.754493583329584 ] } },
{ "type": "Feature", "properties": { "id_tramite": "384", "tipo_tramite": "IPRUS", "fecha_ingreso": "2026-08-03", "fecha_ingreso_original": "03/08/2026", "calidad_fecha": "OK", "plataforma": "G", "parroquia": "Riobamba", "estado": "SIN DATO", "clave_catastral": "SIN DATO", "numero_tramite": "1219197", "OBJECTID": 384, "CODIGO": 397, "ORIG_FID": 383, "fuente_inf": null, "valor_unid": 0.0, "unidad_are": null, "actualizad": null, "fecha_actu": null }, "geometry": { "type": "Point", "coordinates": [ -78.665204176296228, -1.654645914620461 ] } },
{ "type": "Feature", "properties": { "id_tramite": "385", "tipo_tramite": "IPRUS", "fecha_ingreso": "2026-08-03", "fecha_ingreso_original": "03/08/2026", "calidad_fecha": "OK", "plataforma": "Ñ", "parroquia": "Riobamba", "estado": "SIN DATO", "clave_catastral": "SIN DATO", "numero_tramite": "1218723", "OBJECTID": 385, "CODIGO": 398, "ORIG_FID": 384, "fuente_inf": null, "valor_unid": 0.0, "unidad_are": null, "actualizad": null, "fecha_actu": null }, "geometry": { "type": "Point", "coordinates": [ -78.649803538565436, -1.685807345661289 ] } },
{ "type": "Feature", "properties": { "id_tramite": "386", "tipo_tramite": "IPRUS", "fecha_ingreso": "2026-08-04", "fecha_ingreso_original": "04/08/2026", "calidad_fecha": "OK", "plataforma": "L", "parroquia": "Riobamba", "estado": "SIN DATO", "clave_catastral": "SIN DATO", "numero_tramite": "1219665", "OBJECTID": 386, "CODIGO": 399, "ORIG_FID": 385, "fuente_inf": null, "valor_unid": 0.0, "unidad_are": null, "actualizad": null, "fecha_actu": null }, "geometry": { "type": "Point", "coordinates": [ -78.645578750529339, -1.645246925237417 ] } },
{ "type": "Feature", "properties": { "id_tramite": "387", "tipo_tramite": "IPRUS", "fecha_ingreso": "2026-08-04", "fecha_ingreso_original": "04/08/2026", "calidad_fecha": "OK", "plataforma": "SIN PLATAFORMA", "parroquia": "Riobamba", "estado": "SIN DATO", "clave_catastral": "SIN DATO", "numero_tramite": "1220393", "OBJECTID": 387, "CODIGO": 400, "ORIG_FID": 386, "fuente_inf": null, "valor_unid": 0.0, "unidad_are": null, "actualizad": null, "fecha_actu": null }, "geometry": { "type": "Point", "coordinates": [ -78.632383080695917, -1.663066280829371 ] } },
{ "type": "Feature", "properties": { "id_tramite": "388", "tipo_tramite": "IPRUS", "fecha_ingreso": "2026-08-04", "fecha_ingreso_original": "04/08/2026", "calidad_fecha": "OK", "plataforma": "C", "parroquia": "Riobamba", "estado": "SIN DATO", "clave_catastral": "SIN DATO", "numero_tramite": "1220220", "OBJECTID": 388, "CODIGO": 401, "ORIG_FID": 387, "fuente_inf": null, "valor_unid": 0.0, "unidad_are": null, "actualizad": null, "fecha_actu": null }, "geometry": { "type": "Point", "coordinates": [ -78.68198570242707, -1.64131141163812 ] } },
{ "type": "Feature", "properties": { "id_tramite": "389", "tipo_tramite": "IPRUS", "fecha_ingreso": "2026-08-04", "fecha_ingreso_original": "04/08/2026", "calidad_fecha": "OK", "plataforma": "C", "parroquia": "Riobamba", "estado": "SIN DATO", "clave_catastral": "SIN DATO", "numero_tramite": "1220220", "OBJECTID": 389, "CODIGO": 402, "ORIG_FID": 388, "fuente_inf": null, "valor_unid": 0.0, "unidad_are": null, "actualizad": null, "fecha_actu": null }, "geometry": { "type": "Point", "coordinates": [ -78.68198570242707, -1.64131141163812 ] } },
{ "type": "Feature", "properties": { "id_tramite": "390", "tipo_tramite": "IPRUS", "fecha_ingreso": "2026-08-04", "fecha_ingreso_original": "04/08/2026", "calidad_fecha": "OK", "plataforma": "SIN PLATAFORMA", "parroquia": "Licán", "estado": "SIN DATO", "clave_catastral": "SIN DATO", "numero_tramite": "1219855", "OBJECTID": 390, "CODIGO": 403, "ORIG_FID": 389, "fuente_inf": null, "valor_unid": 0.0, "unidad_are": null, "actualizad": null, "fecha_actu": null }, "geometry": { "type": "Point", "coordinates": [ -78.694652969393545, -1.647764596972831 ] } },
{ "type": "Feature", "properties": { "id_tramite": "391", "tipo_tramite": "IPRUS", "fecha_ingreso": "2026-08-04", "fecha_ingreso_original": "04/08/2026", "calidad_fecha": "OK", "plataforma": "D", "parroquia": "Riobamba", "estado": "SIN DATO", "clave_catastral": "SIN DATO", "numero_tramite": "1220849", "OBJECTID": 391, "CODIGO": 404, "ORIG_FID": 390, "fuente_inf": null, "valor_unid": 0.0, "unidad_are": null, "actualizad": null, "fecha_actu": null }, "geometry": { "type": "Point", "coordinates": [ -78.691810542137574, -1.656810352177835 ] } },
{ "type": "Feature", "properties": { "id_tramite": "392", "tipo_tramite": "EXCEDENTES", "fecha_ingreso": "2026-08-04", "fecha_ingreso_original": "04/08/2026", "calidad_fecha": "OK", "plataforma": "SIN PLATAFORMA", "parroquia": "Riobamba", "estado": "SIN DATO", "clave_catastral": "SIN DATO", "numero_tramite": "1218672", "OBJECTID": 392, "CODIGO": 405, "ORIG_FID": 391, "fuente_inf": null, "valor_unid": 0.0, "unidad_are": null, "actualizad": null, "fecha_actu": null }, "geometry": { "type": "Point", "coordinates": [ -78.660718223586287, -1.686240693513598 ] } },
{ "type": "Feature", "properties": { "id_tramite": "393", "tipo_tramite": "EXCEDENTES", "fecha_ingreso": "2026-08-04", "fecha_ingreso_original": "04/08/2026", "calidad_fecha": "OK", "plataforma": "J", "parroquia": "Riobamba", "estado": "SIN DATO", "clave_catastral": "SIN DATO", "numero_tramite": "1218611", "OBJECTID": 393, "CODIGO": 406, "ORIG_FID": 392, "fuente_inf": null, "valor_unid": 0.0, "unidad_are": null, "actualizad": null, "fecha_actu": null }, "geometry": { "type": "Point", "coordinates": [ -78.657652915518597, -1.678066386722451 ] } },
{ "type": "Feature", "properties": { "id_tramite": "394", "tipo_tramite": "EXCEDENTES", "fecha_ingreso": "2026-08-04", "fecha_ingreso_original": "04/08/2026", "calidad_fecha": "OK", "plataforma": "SIN PLATAFORMA", "parroquia": "Riobamba", "estado": "SIN DATO", "clave_catastral": "SIN DATO", "numero_tramite": "1219237", "OBJECTID": 394, "CODIGO": 407, "ORIG_FID": 393, "fuente_inf": null, "valor_unid": 0.0, "unidad_are": null, "actualizad": null, "fecha_actu": null }, "geometry": { "type": "Point", "coordinates": [ -78.620212697901763, -1.677805466555953 ] } },
{ "type": "Feature", "properties": { "id_tramite": "395", "tipo_tramite": "EXCEDENTES", "fecha_ingreso": "2026-08-04", "fecha_ingreso_original": "04/08/2026", "calidad_fecha": "OK", "plataforma": "B", "parroquia": "Riobamba", "estado": "SIN DATO", "clave_catastral": "SIN DATO", "numero_tramite": "1219306", "OBJECTID": 395, "CODIGO": 408, "ORIG_FID": 394, "fuente_inf": null, "valor_unid": 0.0, "unidad_are": null, "actualizad": null, "fecha_actu": null }, "geometry": { "type": "Point", "coordinates": [ -78.671622039320198, -1.641090561713583 ] } },
{ "type": "Feature", "properties": { "id_tramite": "396", "tipo_tramite": "EXCEDENTES", "fecha_ingreso": "2026-08-04", "fecha_ingreso_original": "04/08/2026", "calidad_fecha": "OK", "plataforma": "SIN PLATAFORMA", "parroquia": "Licto", "estado": "SIN DATO", "clave_catastral": "SIN DATO", "numero_tramite": "1220730", "OBJECTID": 396, "CODIGO": 409, "ORIG_FID": 395, "fuente_inf": null, "valor_unid": 0.0, "unidad_are": null, "actualizad": null, "fecha_actu": null }, "geometry": { "type": "Point", "coordinates": [ -78.644276022540708, -1.761847755349903 ] } },
{ "type": "Feature", "properties": { "id_tramite": "397", "tipo_tramite": "IPRUS", "fecha_ingreso": "2026-08-04", "fecha_ingreso_original": "04/08/2026", "calidad_fecha": "OK", "plataforma": "P", "parroquia": "Riobamba", "estado": "SIN DATO", "clave_catastral": "SIN DATO", "numero_tramite": "1220730", "OBJECTID": 397, "CODIGO": 410, "ORIG_FID": 396, "fuente_inf": null, "valor_unid": 0.0, "unidad_are": null, "actualizad": null, "fecha_actu": null }, "geometry": { "type": "Point", "coordinates": [ -78.63673535977594, -1.687075354630121 ] } },
{ "type": "Feature", "properties": { "id_tramite": "398", "tipo_tramite": "IPRUS", "fecha_ingreso": "2026-08-04", "fecha_ingreso_original": "04/08/2026", "calidad_fecha": "OK", "plataforma": "B", "parroquia": "Riobamba", "estado": "SIN DATO", "clave_catastral": "SIN DATO", "numero_tramite": "1221445", "OBJECTID": 398, "CODIGO": 411, "ORIG_FID": 397, "fuente_inf": null, "valor_unid": 0.0, "unidad_are": null, "actualizad": null, "fecha_actu": null }, "geometry": { "type": "Point", "coordinates": [ -78.67354988510715, -1.639453445084266 ] } },
{ "type": "Feature", "properties": { "id_tramite": "399", "tipo_tramite": "IPRUS", "fecha_ingreso": "2026-08-05", "fecha_ingreso_original": "05/08/2026", "calidad_fecha": "OK", "plataforma": "K", "parroquia": "Riobamba", "estado": "SIN DATO", "clave_catastral": "SIN DATO", "numero_tramite": "1209233", "OBJECTID": 399, "CODIGO": 412, "ORIG_FID": 398, "fuente_inf": null, "valor_unid": 0.0, "unidad_are": null, "actualizad": null, "fecha_actu": null }, "geometry": { "type": "Point", "coordinates": [ -78.651786661808089, -1.666676317661125 ] } },
{ "type": "Feature", "properties": { "id_tramite": "400", "tipo_tramite": "IPRUS", "fecha_ingreso": "2026-08-05", "fecha_ingreso_original": "05/08/2026", "calidad_fecha": "OK", "plataforma": "H", "parroquia": "Riobamba", "estado": "SIN DATO", "clave_catastral": "SIN DATO", "numero_tramite": "1221605", "OBJECTID": 400, "CODIGO": 413, "ORIG_FID": 399, "fuente_inf": null, "valor_unid": 0.0, "unidad_are": null, "actualizad": null, "fecha_actu": null }, "geometry": { "type": "Point", "coordinates": [ -78.670169037210044, -1.662459323419151 ] } },
{ "type": "Feature", "properties": { "id_tramite": "401", "tipo_tramite": "IPRUS", "fecha_ingreso": "2026-08-05", "fecha_ingreso_original": "05/08/2026", "calidad_fecha": "OK", "plataforma": "K", "parroquia": "Riobamba", "estado": "SIN DATO", "clave_catastral": "SIN DATO", "numero_tramite": "1221620", "OBJECTID": 401, "CODIGO": 414, "ORIG_FID": 400, "fuente_inf": null, "valor_unid": 0.0, "unidad_are": null, "actualizad": null, "fecha_actu": null }, "geometry": { "type": "Point", "coordinates": [ -78.645041754256425, -1.669889327635949 ] } },
{ "type": "Feature", "properties": { "id_tramite": "402", "tipo_tramite": "EXCEDENTES", "fecha_ingreso": "2026-06-05", "fecha_ingreso_original": "05/06/2026", "calidad_fecha": "OK", "plataforma": "P", "parroquia": "Riobamba", "estado": "SIN DATO", "clave_catastral": "SIN DATO", "numero_tramite": "1221389", "OBJECTID": 402, "CODIGO": 415, "ORIG_FID": 401, "fuente_inf": null, "valor_unid": 0.0, "unidad_are": null, "actualizad": null, "fecha_actu": null }, "geometry": { "type": "Point", "coordinates": [ -78.640565090448916, -1.682342207692583 ] } },
{ "type": "Feature", "properties": { "id_tramite": "403", "tipo_tramite": "IPRUS", "fecha_ingreso": "2026-08-05", "fecha_ingreso_original": "05/08/2026", "calidad_fecha": "OK", "plataforma": "G", "parroquia": "Riobamba", "estado": "SIN DATO", "clave_catastral": "SIN DATO", "numero_tramite": "1221741", "OBJECTID": 403, "CODIGO": 416, "ORIG_FID": 402, "fuente_inf": null, "valor_unid": 0.0, "unidad_are": null, "actualizad": null, "fecha_actu": null }, "geometry": { "type": "Point", "coordinates": [ -78.665916519190986, -1.644581101385773 ] } },
{ "type": "Feature", "properties": { "id_tramite": "404", "tipo_tramite": "IPRUS", "fecha_ingreso": "2026-08-05", "fecha_ingreso_original": "05/08/2026", "calidad_fecha": "OK", "plataforma": "F", "parroquia": "Riobamba", "estado": "SIN DATO", "clave_catastral": "SIN DATO", "numero_tramite": "1221858", "OBJECTID": 404, "CODIGO": 417, "ORIG_FID": 403, "fuente_inf": null, "valor_unid": 0.0, "unidad_are": null, "actualizad": null, "fecha_actu": null }, "geometry": { "type": "Point", "coordinates": [ -78.672886141919491, -1.652412117804006 ] } },
{ "type": "Feature", "properties": { "id_tramite": "405", "tipo_tramite": "IPRUS", "fecha_ingreso": "2026-08-05", "fecha_ingreso_original": "05/08/2026", "calidad_fecha": "OK", "plataforma": "M", "parroquia": "Riobamba", "estado": "SIN DATO", "clave_catastral": "SIN DATO", "numero_tramite": "1221858", "OBJECTID": 405, "CODIGO": 418, "ORIG_FID": 404, "fuente_inf": null, "valor_unid": 0.0, "unidad_are": null, "actualizad": null, "fecha_actu": null }, "geometry": { "type": "Point", "coordinates": [ -78.649011232113281, -1.6633354456217 ] } },
{ "type": "Feature", "properties": { "id_tramite": "406", "tipo_tramite": "IPRUS", "fecha_ingreso": "2026-08-05", "fecha_ingreso_original": "05/08/2026", "calidad_fecha": "OK", "plataforma": "SIN PLATAFORMA", "parroquia": "San Luis", "estado": "SIN DATO", "clave_catastral": "SIN DATO", "numero_tramite": "1222202", "OBJECTID": 406, "CODIGO": 419, "ORIG_FID": 405, "fuente_inf": null, "valor_unid": 0.0, "unidad_are": null, "actualizad": null, "fecha_actu": null }, "geometry": { "type": "Point", "coordinates": [ -78.624175743626267, -1.691799347307279 ] } },
{ "type": "Feature", "properties": { "id_tramite": "407", "tipo_tramite": "IPRUS", "fecha_ingreso": "2026-08-05", "fecha_ingreso_original": "05/08/2026", "calidad_fecha": "OK", "plataforma": "SIN PLATAFORMA", "parroquia": "San Luis", "estado": "SIN DATO", "clave_catastral": "SIN DATO", "numero_tramite": "1222202", "OBJECTID": 407, "CODIGO": 420, "ORIG_FID": 406, "fuente_inf": null, "valor_unid": 0.0, "unidad_are": null, "actualizad": null, "fecha_actu": null }, "geometry": { "type": "Point", "coordinates": [ -78.624175743626267, -1.691799347307279 ] } },
{ "type": "Feature", "properties": { "id_tramite": "408", "tipo_tramite": "IPRUS", "fecha_ingreso": "2026-08-05", "fecha_ingreso_original": "05/08/2026", "calidad_fecha": "OK", "plataforma": "I", "parroquia": "Riobamba", "estado": "SIN DATO", "clave_catastral": "SIN DATO", "numero_tramite": "1222202", "OBJECTID": 408, "CODIGO": 421, "ORIG_FID": 407, "fuente_inf": null, "valor_unid": 0.0, "unidad_are": null, "actualizad": null, "fecha_actu": null }, "geometry": { "type": "Point", "coordinates": [ -78.651039879368909, -1.662519495584282 ] } },
{ "type": "Feature", "properties": { "id_tramite": "409", "tipo_tramite": "IPRUS", "fecha_ingreso": "2026-08-05", "fecha_ingreso_original": "05/08/2026", "calidad_fecha": "OK", "plataforma": "Ñ", "parroquia": "Riobamba", "estado": "SIN DATO", "clave_catastral": "SIN DATO", "numero_tramite": "1222397", "OBJECTID": 409, "CODIGO": 422, "ORIG_FID": 408, "fuente_inf": null, "valor_unid": 0.0, "unidad_are": null, "actualizad": null, "fecha_actu": null }, "geometry": { "type": "Point", "coordinates": [ -78.650044253641383, -1.68462767440512 ] } },
{ "type": "Feature", "properties": { "id_tramite": "410", "tipo_tramite": "IPRUS", "fecha_ingreso": "2026-08-05", "fecha_ingreso_original": "05/08/2026", "calidad_fecha": "OK", "plataforma": "SIN PLATAFORMA", "parroquia": "San Luis", "estado": "SIN DATO", "clave_catastral": "SIN DATO", "numero_tramite": "1222202", "OBJECTID": 410, "CODIGO": 423, "ORIG_FID": 409, "fuente_inf": null, "valor_unid": 0.0, "unidad_are": null, "actualizad": null, "fecha_actu": null }, "geometry": { "type": "Point", "coordinates": [ -78.630646163026498, -1.698194071924745 ] } },
{ "type": "Feature", "properties": { "id_tramite": "411", "tipo_tramite": "EXCEDENTES", "fecha_ingreso": "2026-08-05", "fecha_ingreso_original": "05/08/2026", "calidad_fecha": "OK", "plataforma": "SIN PLATAFORMA", "parroquia": "San Juan", "estado": "SIN DATO", "clave_catastral": "SIN DATO", "numero_tramite": "1221808", "OBJECTID": 411, "CODIGO": 424, "ORIG_FID": 410, "fuente_inf": null, "valor_unid": 0.0, "unidad_are": null, "actualizad": null, "fecha_actu": null }, "geometry": { "type": "Point", "coordinates": [ -78.845684215038332, -1.619771644514673 ] } },
{ "type": "Feature", "properties": { "id_tramite": "412", "tipo_tramite": "EXCEDENTES", "fecha_ingreso": "2026-08-05", "fecha_ingreso_original": "05/08/2026", "calidad_fecha": "OK", "plataforma": "K", "parroquia": "Riobamba", "estado": "SIN DATO", "clave_catastral": "SIN DATO", "numero_tramite": "1222023", "OBJECTID": 412, "CODIGO": 425, "ORIG_FID": 411, "fuente_inf": null, "valor_unid": 0.0, "unidad_are": null, "actualizad": null, "fecha_actu": null }, "geometry": { "type": "Point", "coordinates": [ -78.649721194190576, -1.66636335663474 ] } },
{ "type": "Feature", "properties": { "id_tramite": "413", "tipo_tramite": "IPRUS", "fecha_ingreso": "2026-08-11", "fecha_ingreso_original": "11/08/2026", "calidad_fecha": "OK", "plataforma": "O", "parroquia": "Riobamba", "estado": "SIN DATO", "clave_catastral": "SIN DATO", "numero_tramite": "1222671", "OBJECTID": 413, "CODIGO": 426, "ORIG_FID": 412, "fuente_inf": null, "valor_unid": 0.0, "unidad_are": null, "actualizad": null, "fecha_actu": null }, "geometry": { "type": "Point", "coordinates": [ -78.636907005264007, -1.670113053031827 ] } },
{ "type": "Feature", "properties": { "id_tramite": "414", "tipo_tramite": "IPRUS", "fecha_ingreso": "2026-08-11", "fecha_ingreso_original": "11/08/2026", "calidad_fecha": "OK", "plataforma": "M", "parroquia": "Riobamba", "estado": "SIN DATO", "clave_catastral": "SIN DATO", "numero_tramite": "1222700", "OBJECTID": 414, "CODIGO": 427, "ORIG_FID": 413, "fuente_inf": null, "valor_unid": 0.0, "unidad_are": null, "actualizad": null, "fecha_actu": null }, "geometry": { "type": "Point", "coordinates": [ -78.646445902089596, -1.660082318668645 ] } },
{ "type": "Feature", "properties": { "id_tramite": "415", "tipo_tramite": "IPRUS", "fecha_ingreso": "2026-08-11", "fecha_ingreso_original": "11/08/2026", "calidad_fecha": "OK", "plataforma": "SIN PLATAFORMA", "parroquia": "Calpi", "estado": "SIN DATO", "clave_catastral": "SIN DATO", "numero_tramite": "1222949", "OBJECTID": 415, "CODIGO": 428, "ORIG_FID": 414, "fuente_inf": null, "valor_unid": 0.0, "unidad_are": null, "actualizad": null, "fecha_actu": null }, "geometry": { "type": "Point", "coordinates": [ -78.727909957949862, -1.651317250005631 ] } },
{ "type": "Feature", "properties": { "id_tramite": "416", "tipo_tramite": "IPRUS", "fecha_ingreso": "2026-08-11", "fecha_ingreso_original": "11/08/2026", "calidad_fecha": "OK", "plataforma": "G", "parroquia": "Riobamba", "estado": "SIN DATO", "clave_catastral": "SIN DATO", "numero_tramite": "1223057", "OBJECTID": 416, "CODIGO": 429, "ORIG_FID": 415, "fuente_inf": null, "valor_unid": 0.0, "unidad_are": null, "actualizad": null, "fecha_actu": null }, "geometry": { "type": "Point", "coordinates": [ -78.666378575388876, -1.649692650407729 ] } },
{ "type": "Feature", "properties": { "id_tramite": "417", "tipo_tramite": "IPRUS", "fecha_ingreso": "2026-08-11", "fecha_ingreso_original": "11/08/2026", "calidad_fecha": "OK", "plataforma": "M", "parroquia": "Riobamba", "estado": "SIN DATO", "clave_catastral": "SIN DATO", "numero_tramite": "1223500", "OBJECTID": 417, "CODIGO": 430, "ORIG_FID": 416, "fuente_inf": null, "valor_unid": 0.0, "unidad_are": null, "actualizad": null, "fecha_actu": null }, "geometry": { "type": "Point", "coordinates": [ -78.643873618192004, -1.658548245098868 ] } },
{ "type": "Feature", "properties": { "id_tramite": "418", "tipo_tramite": "IPRUS", "fecha_ingreso": "2026-08-11", "fecha_ingreso_original": "11/08/2026", "calidad_fecha": "OK", "plataforma": "Ñ", "parroquia": "Riobamba", "estado": "SIN DATO", "clave_catastral": "SIN DATO", "numero_tramite": "1223911", "OBJECTID": 418, "CODIGO": 431, "ORIG_FID": 417, "fuente_inf": null, "valor_unid": 0.0, "unidad_are": null, "actualizad": null, "fecha_actu": null }, "geometry": { "type": "Point", "coordinates": [ -78.649722495701212, -1.681283089571824 ] } },
{ "type": "Feature", "properties": { "id_tramite": "419", "tipo_tramite": "IPRUS", "fecha_ingreso": "2026-08-11", "fecha_ingreso_original": "11/08/2026", "calidad_fecha": "OK", "plataforma": "Ñ", "parroquia": "Riobamba", "estado": "SIN DATO", "clave_catastral": "SIN DATO", "numero_tramite": "1224206", "OBJECTID": 419, "CODIGO": 432, "ORIG_FID": 418, "fuente_inf": null, "valor_unid": 0.0, "unidad_are": null, "actualizad": null, "fecha_actu": null }, "geometry": { "type": "Point", "coordinates": [ -78.661379972762361, -1.680264236856815 ] } },
{ "type": "Feature", "properties": { "id_tramite": "420", "tipo_tramite": "IPRUS", "fecha_ingreso": "2026-08-11", "fecha_ingreso_original": "11/08/2026", "calidad_fecha": "OK", "plataforma": "SIN PLATAFORMA", "parroquia": "San Luis", "estado": "SIN DATO", "clave_catastral": "SIN DATO", "numero_tramite": "1224086", "OBJECTID": 420, "CODIGO": 433, "ORIG_FID": 419, "fuente_inf": null, "valor_unid": 0.0, "unidad_are": null, "actualizad": null, "fecha_actu": null }, "geometry": { "type": "Point", "coordinates": [ -78.619175644415321, -1.713835001127367 ] } },
{ "type": "Feature", "properties": { "id_tramite": "421", "tipo_tramite": "IPRUS", "fecha_ingreso": "2026-08-12", "fecha_ingreso_original": "12/08/2026", "calidad_fecha": "OK", "plataforma": "B", "parroquia": "Riobamba", "estado": "SIN DATO", "clave_catastral": "SIN DATO", "numero_tramite": "1224692", "OBJECTID": 421, "CODIGO": 434, "ORIG_FID": 420, "fuente_inf": null, "valor_unid": 0.0, "unidad_are": null, "actualizad": null, "fecha_actu": null }, "geometry": { "type": "Point", "coordinates": [ -78.6776102648234, -1.640071174424082 ] } },
{ "type": "Feature", "properties": { "id_tramite": "422", "tipo_tramite": "EXCEDENTES", "fecha_ingreso": "2026-08-12", "fecha_ingreso_original": "12/08/2026", "calidad_fecha": "OK", "plataforma": "SIN PLATAFORMA", "parroquia": "San Luis", "estado": "SIN DATO", "clave_catastral": "SIN DATO", "numero_tramite": "1224336", "OBJECTID": 422, "CODIGO": 435, "ORIG_FID": 421, "fuente_inf": null, "valor_unid": 0.0, "unidad_are": null, "actualizad": null, "fecha_actu": null }, "geometry": { "type": "Point", "coordinates": [ -78.648078228506733, -1.712195751846109 ] } },
{ "type": "Feature", "properties": { "id_tramite": "423", "tipo_tramite": "IPRUS", "fecha_ingreso": "2026-08-13", "fecha_ingreso_original": "13/08/2026", "calidad_fecha": "OK", "plataforma": "F", "parroquia": "Riobamba", "estado": "SIN DATO", "clave_catastral": "SIN DATO", "numero_tramite": "1224935", "OBJECTID": 423, "CODIGO": 436, "ORIG_FID": 422, "fuente_inf": null, "valor_unid": 0.0, "unidad_are": null, "actualizad": null, "fecha_actu": null }, "geometry": { "type": "Point", "coordinates": [ -78.683643465394667, -1.647639385258868 ] } },
{ "type": "Feature", "properties": { "id_tramite": "424", "tipo_tramite": "IPRUS", "fecha_ingreso": "2026-08-13", "fecha_ingreso_original": "13/08/2026", "calidad_fecha": "OK", "plataforma": "Q", "parroquia": "Riobamba", "estado": "SIN DATO", "clave_catastral": "SIN DATO", "numero_tramite": "1225556", "OBJECTID": 424, "CODIGO": 437, "ORIG_FID": 423, "fuente_inf": null, "valor_unid": 0.0, "unidad_are": null, "actualizad": null, "fecha_actu": null }, "geometry": { "type": "Point", "coordinates": [ -78.629318575701859, -1.685521564140552 ] } },
{ "type": "Feature", "properties": { "id_tramite": "425", "tipo_tramite": "IPRUS", "fecha_ingreso": "2026-08-13", "fecha_ingreso_original": "13/08/2026", "calidad_fecha": "OK", "plataforma": "D", "parroquia": "Riobamba", "estado": "SIN DATO", "clave_catastral": "SIN DATO", "numero_tramite": "1225077", "OBJECTID": 425, "CODIGO": 438, "ORIG_FID": 424, "fuente_inf": null, "valor_unid": 0.0, "unidad_are": null, "actualizad": null, "fecha_actu": null }, "geometry": { "type": "Point", "coordinates": [ -78.695438540688613, -1.656034990530416 ] } },
{ "type": "Feature", "properties": { "id_tramite": "426", "tipo_tramite": "IPRUS", "fecha_ingreso": "2026-08-13", "fecha_ingreso_original": "13/08/2026", "calidad_fecha": "OK", "plataforma": "C", "parroquia": "Riobamba", "estado": "SIN DATO", "clave_catastral": "SIN DATO", "numero_tramite": "1225564", "OBJECTID": 426, "CODIGO": 439, "ORIG_FID": 425, "fuente_inf": null, "valor_unid": 0.0, "unidad_are": null, "actualizad": null, "fecha_actu": null }, "geometry": { "type": "Point", "coordinates": [ -78.682537110194787, -1.644247732366602 ] } },
{ "type": "Feature", "properties": { "id_tramite": "427", "tipo_tramite": "IPRUS", "fecha_ingreso": "2026-08-13", "fecha_ingreso_original": "13/08/2026", "calidad_fecha": "OK", "plataforma": "SIN PLATAFORMA", "parroquia": "San Luis", "estado": "SIN DATO", "clave_catastral": "SIN DATO", "numero_tramite": "1225642", "OBJECTID": 427, "CODIGO": 440, "ORIG_FID": 426, "fuente_inf": null, "valor_unid": 0.0, "unidad_are": null, "actualizad": null, "fecha_actu": null }, "geometry": { "type": "Point", "coordinates": [ -78.645016661090494, -1.69976098067094 ] } },
{ "type": "Feature", "properties": { "id_tramite": "428", "tipo_tramite": "IPRUS", "fecha_ingreso": "2026-08-13", "fecha_ingreso_original": "13/08/2026", "calidad_fecha": "OK", "plataforma": "C", "parroquia": "Riobamba", "estado": "SIN DATO", "clave_catastral": "SIN DATO", "numero_tramite": "1225842", "OBJECTID": 428, "CODIGO": 441, "ORIG_FID": 427, "fuente_inf": null, "valor_unid": 0.0, "unidad_are": null, "actualizad": null, "fecha_actu": null }, "geometry": { "type": "Point", "coordinates": [ -78.680891618230717, -1.641913547204953 ] } },
{ "type": "Feature", "properties": { "id_tramite": "429", "tipo_tramite": "IPRUS", "fecha_ingreso": null, "fecha_ingreso_original": "IPRUS", "calidad_fecha": "REVISAR", "plataforma": "L", "parroquia": "Riobamba", "estado": "SIN DATO", "clave_catastral": "SIN DATO", "numero_tramite": "1225583", "OBJECTID": 429, "CODIGO": 442, "ORIG_FID": 428, "fuente_inf": null, "valor_unid": 0.0, "unidad_are": null, "actualizad": null, "fecha_actu": null }, "geometry": { "type": "Point", "coordinates": [ -78.649897256787284, -1.65506034966216 ] } },
{ "type": "Feature", "properties": { "id_tramite": "430", "tipo_tramite": "IPRUS", "fecha_ingreso": "2026-08-13", "fecha_ingreso_original": "13/08/2026", "calidad_fecha": "OK", "plataforma": "Q", "parroquia": "Riobamba", "estado": "SIN DATO", "clave_catastral": "SIN DATO", "numero_tramite": "1226540", "OBJECTID": 430, "CODIGO": 443, "ORIG_FID": 429, "fuente_inf": null, "valor_unid": 0.0, "unidad_are": null, "actualizad": null, "fecha_actu": null }, "geometry": { "type": "Point", "coordinates": [ -78.627221872166672, -1.689046566143106 ] } },
{ "type": "Feature", "properties": { "id_tramite": "431", "tipo_tramite": "IPRUS", "fecha_ingreso": "2026-08-13", "fecha_ingreso_original": "13/08/2026", "calidad_fecha": "OK", "plataforma": "SIN PLATAFORMA", "parroquia": "Riobamba", "estado": "SIN DATO", "clave_catastral": "SIN DATO", "numero_tramite": "1224964", "OBJECTID": 431, "CODIGO": 444, "ORIG_FID": 430, "fuente_inf": null, "valor_unid": 0.0, "unidad_are": null, "actualizad": null, "fecha_actu": null }, "geometry": { "type": "Point", "coordinates": [ -78.638352340227726, -1.646708385014597 ] } },
{ "type": "Feature", "properties": { "id_tramite": "432", "tipo_tramite": "IPRUS", "fecha_ingreso": null, "fecha_ingreso_original": "13/08/20216", "calidad_fecha": "REVISAR", "plataforma": "SIN PLATAFORMA", "parroquia": "Riobamba", "estado": "SIN DATO", "clave_catastral": "SIN DATO", "numero_tramite": "1226778", "OBJECTID": 432, "CODIGO": 445, "ORIG_FID": 431, "fuente_inf": null, "valor_unid": 0.0, "unidad_are": null, "actualizad": null, "fecha_actu": null }, "geometry": { "type": "Point", "coordinates": [ -78.676351280649087, -1.677421589334662 ] } },
{ "type": "Feature", "properties": { "id_tramite": "433", "tipo_tramite": "IPRUS", "fecha_ingreso": "2026-08-13", "fecha_ingreso_original": "13/08/2026", "calidad_fecha": "OK", "plataforma": "G", "parroquia": "Riobamba", "estado": "SIN DATO", "clave_catastral": "SIN DATO", "numero_tramite": "1226868", "OBJECTID": 433, "CODIGO": 446, "ORIG_FID": 432, "fuente_inf": null, "valor_unid": 0.0, "unidad_are": null, "actualizad": null, "fecha_actu": null }, "geometry": { "type": "Point", "coordinates": [ -78.664780454068804, -1.654954573463754 ] } },
{ "type": "Feature", "properties": { "id_tramite": "434", "tipo_tramite": "IPRUS", "fecha_ingreso": "2026-08-18", "fecha_ingreso_original": "18/08/2026", "calidad_fecha": "OK", "plataforma": "M", "parroquia": "Riobamba", "estado": "SIN DATO", "clave_catastral": "SIN DATO", "numero_tramite": "1226891", "OBJECTID": 434, "CODIGO": 447, "ORIG_FID": 433, "fuente_inf": null, "valor_unid": 0.0, "unidad_are": null, "actualizad": null, "fecha_actu": null }, "geometry": { "type": "Point", "coordinates": [ -78.641733627657487, -1.655612090311284 ] } },
{ "type": "Feature", "properties": { "id_tramite": "435", "tipo_tramite": "IPRUS", "fecha_ingreso": "2026-08-13", "fecha_ingreso_original": "13/08/2026", "calidad_fecha": "OK", "plataforma": "G", "parroquia": "Riobamba", "estado": "SIN DATO", "clave_catastral": "SIN DATO", "numero_tramite": "1227122", "OBJECTID": 435, "CODIGO": 448, "ORIG_FID": 434, "fuente_inf": null, "valor_unid": 0.0, "unidad_are": null, "actualizad": null, "fecha_actu": null }, "geometry": { "type": "Point", "coordinates": [ -78.661663208052161, -1.648889900281338 ] } },
{ "type": "Feature", "properties": { "id_tramite": "436", "tipo_tramite": "IPRUS", "fecha_ingreso": "2026-08-13", "fecha_ingreso_original": "13/08/2026", "calidad_fecha": "OK", "plataforma": "F", "parroquia": "Riobamba", "estado": "SIN DATO", "clave_catastral": "SIN DATO", "numero_tramite": "1227130", "OBJECTID": 436, "CODIGO": 449, "ORIG_FID": 435, "fuente_inf": null, "valor_unid": 0.0, "unidad_are": null, "actualizad": null, "fecha_actu": null }, "geometry": { "type": "Point", "coordinates": [ -78.681206756648848, -1.646650903292979 ] } },
{ "type": "Feature", "properties": { "id_tramite": "437", "tipo_tramite": "IPRUS", "fecha_ingreso": "2026-08-13", "fecha_ingreso_original": "13/08/2026", "calidad_fecha": "OK", "plataforma": "SIN PLATAFORMA", "parroquia": "Licán", "estado": "SIN DATO", "clave_catastral": "SIN DATO", "numero_tramite": "1227445", "OBJECTID": 437, "CODIGO": 450, "ORIG_FID": 436, "fuente_inf": null, "valor_unid": 0.0, "unidad_are": null, "actualizad": null, "fecha_actu": null }, "geometry": { "type": "Point", "coordinates": [ -78.699124304169203, -1.656757023300788 ] } },
{ "type": "Feature", "properties": { "id_tramite": "438", "tipo_tramite": "IPRUS", "fecha_ingreso": "2026-08-13", "fecha_ingreso_original": "13/08/2026", "calidad_fecha": "OK", "plataforma": "SIN PLATAFORMA", "parroquia": "Licán", "estado": "SIN DATO", "clave_catastral": "SIN DATO", "numero_tramite": "1227495", "OBJECTID": 438, "CODIGO": 451, "ORIG_FID": 437, "fuente_inf": null, "valor_unid": 0.0, "unidad_are": null, "actualizad": null, "fecha_actu": null }, "geometry": { "type": "Point", "coordinates": [ -78.702044310610347, -1.655774647050024 ] } },
{ "type": "Feature", "properties": { "id_tramite": "439", "tipo_tramite": "IPRUS", "fecha_ingreso": "2026-08-13", "fecha_ingreso_original": "13/08/2026", "calidad_fecha": "OK", "plataforma": "F", "parroquia": "Riobamba", "estado": "SIN DATO", "clave_catastral": "SIN DATO", "numero_tramite": "1227531", "OBJECTID": 439, "CODIGO": 452, "ORIG_FID": 438, "fuente_inf": null, "valor_unid": 0.0, "unidad_are": null, "actualizad": null, "fecha_actu": null }, "geometry": { "type": "Point", "coordinates": [ -78.676952372143944, -1.651401303777856 ] } },
{ "type": "Feature", "properties": { "id_tramite": "440", "tipo_tramite": "IPRUS", "fecha_ingreso": "2026-08-13", "fecha_ingreso_original": "13/08/2026", "calidad_fecha": "OK", "plataforma": "O", "parroquia": "Riobamba", "estado": "SIN DATO", "clave_catastral": "SIN DATO", "numero_tramite": "1227589", "OBJECTID": 440, "CODIGO": 453, "ORIG_FID": 439, "fuente_inf": null, "valor_unid": 0.0, "unidad_are": null, "actualizad": null, "fecha_actu": null }, "geometry": { "type": "Point", "coordinates": [ -78.636910857531248, -1.667141327030005 ] } },
{ "type": "Feature", "properties": { "id_tramite": "441", "tipo_tramite": "IPRUS", "fecha_ingreso": "2026-08-14", "fecha_ingreso_original": "14/08/2026", "calidad_fecha": "OK", "plataforma": "L", "parroquia": "Riobamba", "estado": "SIN DATO", "clave_catastral": "SIN DATO", "numero_tramite": "1224477", "OBJECTID": 441, "CODIGO": 454, "ORIG_FID": 440, "fuente_inf": null, "valor_unid": 0.0, "unidad_are": null, "actualizad": null, "fecha_actu": null }, "geometry": { "type": "Point", "coordinates": [ -78.64625240257665, -1.653143352946715 ] } },
{ "type": "Feature", "properties": { "id_tramite": "442", "tipo_tramite": "IPRUS", "fecha_ingreso": "2026-08-14", "fecha_ingreso_original": "14/08/2026", "calidad_fecha": "OK", "plataforma": "B", "parroquia": "Riobamba", "estado": "SIN DATO", "clave_catastral": "SIN DATO", "numero_tramite": "1224477", "OBJECTID": 442, "CODIGO": 455, "ORIG_FID": 441, "fuente_inf": null, "valor_unid": 0.0, "unidad_are": null, "actualizad": null, "fecha_actu": null }, "geometry": { "type": "Point", "coordinates": [ -78.6764944736084, -1.637132317432277 ] } },
{ "type": "Feature", "properties": { "id_tramite": "443", "tipo_tramite": "EXCEDENTES", "fecha_ingreso": "2026-08-14", "fecha_ingreso_original": "14/08/2026", "calidad_fecha": "OK", "plataforma": "SIN PLATAFORMA", "parroquia": "Quimiag", "estado": "SIN DATO", "clave_catastral": "SIN DATO", "numero_tramite": "1224623", "OBJECTID": 443, "CODIGO": 456, "ORIG_FID": 442, "fuente_inf": null, "valor_unid": 0.0, "unidad_are": null, "actualizad": null, "fecha_actu": null }, "geometry": { "type": "Point", "coordinates": [ -78.576257961536442, -1.702821438226885 ] } },
{ "type": "Feature", "properties": { "id_tramite": "444", "tipo_tramite": "EXCEDENTES", "fecha_ingreso": "2026-08-14", "fecha_ingreso_original": "14/08/2026", "calidad_fecha": "OK", "plataforma": "C", "parroquia": "Riobamba", "estado": "SIN DATO", "clave_catastral": "SIN DATO", "numero_tramite": "1224743", "OBJECTID": 444, "CODIGO": 457, "ORIG_FID": 443, "fuente_inf": null, "valor_unid": 0.0, "unidad_are": null, "actualizad": null, "fecha_actu": null }, "geometry": { "type": "Point", "coordinates": [ -78.685384487994412, -1.643205162246547 ] } },
{ "type": "Feature", "properties": { "id_tramite": "445", "tipo_tramite": "EXCEDENTES", "fecha_ingreso": "2026-08-14", "fecha_ingreso_original": "14/08/2026", "calidad_fecha": "OK", "plataforma": "SIN PLATAFORMA", "parroquia": "Pungalá", "estado": "SIN DATO", "clave_catastral": "SIN DATO", "numero_tramite": "1225315", "OBJECTID": 445, "CODIGO": 458, "ORIG_FID": 444, "fuente_inf": null, "valor_unid": 0.0, "unidad_are": null, "actualizad": null, "fecha_actu": null }, "geometry": { "type": "Point", "coordinates": [ -78.569021784539302, -1.802017995306241 ] } },
{ "type": "Feature", "properties": { "id_tramite": "447", "tipo_tramite": "IPRUS", "fecha_ingreso": "2026-08-14", "fecha_ingreso_original": "14/08/2026", "calidad_fecha": "OK", "plataforma": "L", "parroquia": "Riobamba", "estado": "SIN DATO", "clave_catastral": "SIN DATO", "numero_tramite": "1228299", "OBJECTID": 447, "CODIGO": 460, "ORIG_FID": 446, "fuente_inf": null, "valor_unid": 0.0, "unidad_are": null, "actualizad": null, "fecha_actu": null }, "geometry": { "type": "Point", "coordinates": [ -78.647714420788816, -1.653367675790043 ] } },
{ "type": "Feature", "properties": { "id_tramite": "448", "tipo_tramite": "EXCEDENTES", "fecha_ingreso": "2026-08-14", "fecha_ingreso_original": "14/08/2026", "calidad_fecha": "OK", "plataforma": "SIN PLATAFORMA", "parroquia": "Cubijíes", "estado": "SIN DATO", "clave_catastral": "SIN DATO", "numero_tramite": "1225381", "OBJECTID": 448, "CODIGO": 461, "ORIG_FID": 447, "fuente_inf": null, "valor_unid": 0.0, "unidad_are": null, "actualizad": null, "fecha_actu": null }, "geometry": { "type": "Point", "coordinates": [ -78.594127300572097, -1.638346330023278 ] } },
{ "type": "Feature", "properties": { "id_tramite": "449", "tipo_tramite": "IPRUS", "fecha_ingreso": "2026-08-14", "fecha_ingreso_original": "14/08/2026", "calidad_fecha": "OK", "plataforma": "K", "parroquia": "Riobamba", "estado": "SIN DATO", "clave_catastral": "SIN DATO", "numero_tramite": "1228478", "OBJECTID": 449, "CODIGO": 462, "ORIG_FID": 448, "fuente_inf": null, "valor_unid": 0.0, "unidad_are": null, "actualizad": null, "fecha_actu": null }, "geometry": { "type": "Point", "coordinates": [ -78.652021524150399, -1.666377798172544 ] } },
{ "type": "Feature", "properties": { "id_tramite": "450", "tipo_tramite": "EXCEDENTES", "fecha_ingreso": "2026-08-14", "fecha_ingreso_original": "14/08/2026", "calidad_fecha": "OK", "plataforma": "SIN PLATAFORMA", "parroquia": "Riobamba", "estado": "SIN DATO", "clave_catastral": "SIN DATO", "numero_tramite": "1226033", "OBJECTID": 450, "CODIGO": 463, "ORIG_FID": 449, "fuente_inf": null, "valor_unid": 0.0, "unidad_are": null, "actualizad": null, "fecha_actu": null }, "geometry": { "type": "Point", "coordinates": [ -78.622831146964074, -1.655907246324719 ] } },
{ "type": "Feature", "properties": { "id_tramite": "451", "tipo_tramite": "EXCEDENTES", "fecha_ingreso": "2026-08-14", "fecha_ingreso_original": "14/08/2026", "calidad_fecha": "OK", "plataforma": "SIN PLATAFORMA", "parroquia": "Cubijíes", "estado": "SIN DATO", "clave_catastral": "SIN DATO", "numero_tramite": "1226323", "OBJECTID": 451, "CODIGO": 464, "ORIG_FID": 450, "fuente_inf": null, "valor_unid": 0.0, "unidad_are": null, "actualizad": null, "fecha_actu": null }, "geometry": { "type": "Point", "coordinates": [ -78.585434466590058, -1.648948947320134 ] } },
{ "type": "Feature", "properties": { "id_tramite": "452", "tipo_tramite": "EXCEDENTES", "fecha_ingreso": "2026-08-17", "fecha_ingreso_original": "17/08/2026", "calidad_fecha": "OK", "plataforma": "SIN PLATAFORMA", "parroquia": "Cubijíes", "estado": "SIN DATO", "clave_catastral": "SIN DATO", "numero_tramite": "1226332", "OBJECTID": 452, "CODIGO": 465, "ORIG_FID": 451, "fuente_inf": null, "valor_unid": 0.0, "unidad_are": null, "actualizad": null, "fecha_actu": null }, "geometry": { "type": "Point", "coordinates": [ -78.586508195036885, -1.647490769846525 ] } },
{ "type": "Feature", "properties": { "id_tramite": "453", "tipo_tramite": "EXCEDENTES", "fecha_ingreso": "2026-08-17", "fecha_ingreso_original": "17/08/2026", "calidad_fecha": "OK", "plataforma": "SIN PLATAFORMA", "parroquia": "Cubijíes", "estado": "SIN DATO", "clave_catastral": "SIN DATO", "numero_tramite": "1226344", "OBJECTID": 453, "CODIGO": 466, "ORIG_FID": 452, "fuente_inf": null, "valor_unid": 0.0, "unidad_are": null, "actualizad": null, "fecha_actu": null }, "geometry": { "type": "Point", "coordinates": [ -78.58534683170042, -1.648933038042967 ] } },
{ "type": "Feature", "properties": { "id_tramite": "454", "tipo_tramite": "EXCEDENTES", "fecha_ingreso": "2026-08-17", "fecha_ingreso_original": "17/08/2026", "calidad_fecha": "OK", "plataforma": "C", "parroquia": "Riobamba", "estado": "SIN DATO", "clave_catastral": "SIN DATO", "numero_tramite": "1226549", "OBJECTID": 454, "CODIGO": 467, "ORIG_FID": 453, "fuente_inf": null, "valor_unid": 0.0, "unidad_are": null, "actualizad": null, "fecha_actu": null }, "geometry": { "type": "Point", "coordinates": [ -78.690505404035449, -1.646703932437794 ] } },
{ "type": "Feature", "properties": { "id_tramite": "455", "tipo_tramite": "EXCEDENTES", "fecha_ingreso": "2026-08-17", "fecha_ingreso_original": "17/08/2026", "calidad_fecha": "OK", "plataforma": "SIN PLATAFORMA", "parroquia": "Riobamba", "estado": "SIN DATO", "clave_catastral": "SIN DATO", "numero_tramite": "1227376", "OBJECTID": 455, "CODIGO": 468, "ORIG_FID": 454, "fuente_inf": null, "valor_unid": 0.0, "unidad_are": null, "actualizad": null, "fecha_actu": null }, "geometry": { "type": "Point", "coordinates": [ -78.628561568310346, -1.662858830812128 ] } },
{ "type": "Feature", "properties": { "id_tramite": "456", "tipo_tramite": "EXCEDENTES", "fecha_ingreso": "2026-08-17", "fecha_ingreso_original": "17/08/2026", "calidad_fecha": "OK", "plataforma": "SIN PLATAFORMA", "parroquia": "Riobamba", "estado": "SIN DATO", "clave_catastral": "SIN DATO", "numero_tramite": "1016517", "OBJECTID": 456, "CODIGO": 469, "ORIG_FID": 455, "fuente_inf": null, "valor_unid": 0.0, "unidad_are": null, "actualizad": null, "fecha_actu": null }, "geometry": { "type": "Point", "coordinates": [ -78.685548740222941, -1.68386959709879 ] } },
{ "type": "Feature", "properties": { "id_tramite": "457", "tipo_tramite": "EXCEDENTES", "fecha_ingreso": "2026-09-08", "fecha_ingreso_original": "08/09/2026", "calidad_fecha": "OK", "plataforma": "D", "parroquia": "Riobamba", "estado": "SIN DATO", "clave_catastral": "SIN DATO", "numero_tramite": "1238469", "OBJECTID": 457, "CODIGO": 563, "ORIG_FID": 456, "fuente_inf": null, "valor_unid": 0.0, "unidad_are": null, "actualizad": null, "fecha_actu": null }, "geometry": { "type": "Point", "coordinates": [ -78.687960123626596, -1.661289272894934 ] } },
{ "type": "Feature", "properties": { "id_tramite": "458", "tipo_tramite": "EXCEDENTES", "fecha_ingreso": "2026-08-17", "fecha_ingreso_original": "17/08/2026", "calidad_fecha": "OK", "plataforma": "SIN PLATAFORMA", "parroquia": "Licán", "estado": "SIN DATO", "clave_catastral": "SIN DATO", "numero_tramite": "1227353", "OBJECTID": 458, "CODIGO": 470, "ORIG_FID": 457, "fuente_inf": null, "valor_unid": 0.0, "unidad_are": null, "actualizad": null, "fecha_actu": null }, "geometry": { "type": "Point", "coordinates": [ -78.708788108405386, -1.645690662086959 ] } },
{ "type": "Feature", "properties": { "id_tramite": "459", "tipo_tramite": "IPRUS", "fecha_ingreso": "2026-08-19", "fecha_ingreso_original": "19/08/2026", "calidad_fecha": "OK", "plataforma": "M", "parroquia": "Riobamba", "estado": "SIN DATO", "clave_catastral": "SIN DATO", "numero_tramite": "1229396", "OBJECTID": 459, "CODIGO": 471, "ORIG_FID": 458, "fuente_inf": null, "valor_unid": 0.0, "unidad_are": null, "actualizad": null, "fecha_actu": null }, "geometry": { "type": "Point", "coordinates": [ -78.642511737296161, -1.666087548811359 ] } },
{ "type": "Feature", "properties": { "id_tramite": "460", "tipo_tramite": "IPRUS", "fecha_ingreso": "2026-08-19", "fecha_ingreso_original": "19/08/2026", "calidad_fecha": "OK", "plataforma": "P", "parroquia": "Riobamba", "estado": "SIN DATO", "clave_catastral": "SIN DATO", "numero_tramite": "12299513", "OBJECTID": 460, "CODIGO": 472, "ORIG_FID": 459, "fuente_inf": null, "valor_unid": 0.0, "unidad_are": null, "actualizad": null, "fecha_actu": null }, "geometry": { "type": "Point", "coordinates": [ -78.640649795378209, -1.681103950660999 ] } },
{ "type": "Feature", "properties": { "id_tramite": "461", "tipo_tramite": "IPRUS", "fecha_ingreso": "2026-08-19", "fecha_ingreso_original": "19/08/2026", "calidad_fecha": "OK", "plataforma": "D", "parroquia": "Riobamba", "estado": "SIN DATO", "clave_catastral": "SIN DATO", "numero_tramite": "1229536", "OBJECTID": 461, "CODIGO": 473, "ORIG_FID": 460, "fuente_inf": null, "valor_unid": 0.0, "unidad_are": null, "actualizad": null, "fecha_actu": null }, "geometry": { "type": "Point", "coordinates": [ -78.689030673080026, -1.653839038602747 ] } },
{ "type": "Feature", "properties": { "id_tramite": "462", "tipo_tramite": "IPRUS", "fecha_ingreso": "2026-08-19", "fecha_ingreso_original": "19/08/2026", "calidad_fecha": "OK", "plataforma": "Q", "parroquia": "Riobamba", "estado": "SIN DATO", "clave_catastral": "SIN DATO", "numero_tramite": "1229905", "OBJECTID": 462, "CODIGO": 474, "ORIG_FID": 461, "fuente_inf": null, "valor_unid": 0.0, "unidad_are": null, "actualizad": null, "fecha_actu": null }, "geometry": { "type": "Point", "coordinates": [ -78.628793493389679, -1.685882164157464 ] } },
{ "type": "Feature", "properties": { "id_tramite": "463", "tipo_tramite": "EXCEDENTES", "fecha_ingreso": "2026-08-19", "fecha_ingreso_original": "19/08/2026", "calidad_fecha": "OK", "plataforma": "SIN PLATAFORMA", "parroquia": "San Luis", "estado": "SIN DATO", "clave_catastral": "SIN DATO", "numero_tramite": "1229214", "OBJECTID": 463, "CODIGO": 475, "ORIG_FID": 462, "fuente_inf": null, "valor_unid": 0.0, "unidad_are": null, "actualizad": null, "fecha_actu": null }, "geometry": { "type": "Point", "coordinates": [ -78.641373049770991, -1.693772343001459 ] } },
{ "type": "Feature", "properties": { "id_tramite": "464", "tipo_tramite": "EXCEDENTES", "fecha_ingreso": "2026-08-19", "fecha_ingreso_original": "19/08/2026", "calidad_fecha": "OK", "plataforma": "M", "parroquia": "Riobamba", "estado": "SIN DATO", "clave_catastral": "SIN DATO", "numero_tramite": "1229462", "OBJECTID": 464, "CODIGO": 476, "ORIG_FID": 463, "fuente_inf": null, "valor_unid": 0.0, "unidad_are": null, "actualizad": null, "fecha_actu": null }, "geometry": { "type": "Point", "coordinates": [ -78.645212091978181, -1.662496145898189 ] } },
{ "type": "Feature", "properties": { "id_tramite": "465", "tipo_tramite": "EXCEDENTES", "fecha_ingreso": "2026-08-19", "fecha_ingreso_original": "19/08/2026", "calidad_fecha": "OK", "plataforma": "SIN PLATAFORMA", "parroquia": "Riobamba", "estado": "SIN DATO", "clave_catastral": "SIN DATO", "numero_tramite": "1229750", "OBJECTID": 465, "CODIGO": 477, "ORIG_FID": 464, "fuente_inf": null, "valor_unid": 0.0, "unidad_are": null, "actualizad": null, "fecha_actu": null }, "geometry": { "type": "Point", "coordinates": [ -78.6267001890769, -1.668462816299433 ] } },
{ "type": "Feature", "properties": { "id_tramite": "466", "tipo_tramite": "IPRUS", "fecha_ingreso": "2026-08-20", "fecha_ingreso_original": "20/08/2026", "calidad_fecha": "OK", "plataforma": "H", "parroquia": "Riobamba", "estado": "SIN DATO", "clave_catastral": "SIN DATO", "numero_tramite": "1230522", "OBJECTID": 466, "CODIGO": 478, "ORIG_FID": 465, "fuente_inf": null, "valor_unid": 0.0, "unidad_are": null, "actualizad": null, "fecha_actu": null }, "geometry": { "type": "Point", "coordinates": [ -78.678168054507324, -1.661497923292692 ] } },
{ "type": "Feature", "properties": { "id_tramite": "467", "tipo_tramite": "IPRUS", "fecha_ingreso": "2026-08-20", "fecha_ingreso_original": "20/08/2026", "calidad_fecha": "OK", "plataforma": "C", "parroquia": "Riobamba", "estado": "SIN DATO", "clave_catastral": "SIN DATO", "numero_tramite": "1230648", "OBJECTID": 467, "CODIGO": 479, "ORIG_FID": 466, "fuente_inf": null, "valor_unid": 0.0, "unidad_are": null, "actualizad": null, "fecha_actu": null }, "geometry": { "type": "Point", "coordinates": [ -78.685993424385344, -1.638062537909215 ] } },
{ "type": "Feature", "properties": { "id_tramite": "468", "tipo_tramite": "IPRUS", "fecha_ingreso": "2026-08-20", "fecha_ingreso_original": "20/08/2026", "calidad_fecha": "OK", "plataforma": "O", "parroquia": "Riobamba", "estado": "SIN DATO", "clave_catastral": "SIN DATO", "numero_tramite": "1231366", "OBJECTID": 468, "CODIGO": 480, "ORIG_FID": 467, "fuente_inf": null, "valor_unid": 0.0, "unidad_are": null, "actualizad": null, "fecha_actu": null }, "geometry": { "type": "Point", "coordinates": [ -78.639787907806053, -1.670809516590683 ] } },
{ "type": "Feature", "properties": { "id_tramite": "469", "tipo_tramite": "IPRUS", "fecha_ingreso": "2026-08-20", "fecha_ingreso_original": "20/08/2026", "calidad_fecha": "OK", "plataforma": "M", "parroquia": "Riobamba", "estado": "SIN DATO", "clave_catastral": "SIN DATO", "numero_tramite": "1231587", "OBJECTID": 469, "CODIGO": 481, "ORIG_FID": 468, "fuente_inf": null, "valor_unid": 0.0, "unidad_are": null, "actualizad": null, "fecha_actu": null }, "geometry": { "type": "Point", "coordinates": [ -78.648279711454165, -1.663651452461137 ] } },
{ "type": "Feature", "properties": { "id_tramite": "470", "tipo_tramite": "IPRUS", "fecha_ingreso": "2026-08-21", "fecha_ingreso_original": "21/08/2026", "calidad_fecha": "OK", "plataforma": "C", "parroquia": "Riobamba", "estado": "SIN DATO", "clave_catastral": "SIN DATO", "numero_tramite": "1232139", "OBJECTID": 470, "CODIGO": 482, "ORIG_FID": 469, "fuente_inf": null, "valor_unid": 0.0, "unidad_are": null, "actualizad": null, "fecha_actu": null }, "geometry": { "type": "Point", "coordinates": [ -78.677562932440466, -1.644185863295121 ] } },
{ "type": "Feature", "properties": { "id_tramite": "471", "tipo_tramite": "IPRUS", "fecha_ingreso": "2026-08-21", "fecha_ingreso_original": "21/08/2026", "calidad_fecha": "OK", "plataforma": "G", "parroquia": "Riobamba", "estado": "SIN DATO", "clave_catastral": "SIN DATO", "numero_tramite": "1232231", "OBJECTID": 471, "CODIGO": 483, "ORIG_FID": 470, "fuente_inf": null, "valor_unid": 0.0, "unidad_are": null, "actualizad": null, "fecha_actu": null }, "geometry": { "type": "Point", "coordinates": [ -78.667263820824132, -1.65001089309487 ] } },
{ "type": "Feature", "properties": { "id_tramite": "472", "tipo_tramite": "IPRUS", "fecha_ingreso": "2026-08-21", "fecha_ingreso_original": "21/08/2026", "calidad_fecha": "OK", "plataforma": "M", "parroquia": "Riobamba", "estado": "SIN DATO", "clave_catastral": "SIN DATO", "numero_tramite": "1232313", "OBJECTID": 472, "CODIGO": 484, "ORIG_FID": 471, "fuente_inf": null, "valor_unid": 0.0, "unidad_are": null, "actualizad": null, "fecha_actu": null }, "geometry": { "type": "Point", "coordinates": [ -78.640097857289462, -1.65916979504436 ] } },
{ "type": "Feature", "properties": { "id_tramite": "473", "tipo_tramite": "IPRUS", "fecha_ingreso": "2026-08-21", "fecha_ingreso_original": "21/08/2026", "calidad_fecha": "OK", "plataforma": "M", "parroquia": "Riobamba", "estado": "SIN DATO", "clave_catastral": "SIN DATO", "numero_tramite": "1232596", "OBJECTID": 473, "CODIGO": 485, "ORIG_FID": 472, "fuente_inf": null, "valor_unid": 0.0, "unidad_are": null, "actualizad": null, "fecha_actu": null }, "geometry": { "type": "Point", "coordinates": [ -78.640479672319628, -1.66543169586719 ] } },
{ "type": "Feature", "properties": { "id_tramite": "474", "tipo_tramite": "IPRUS", "fecha_ingreso": "2026-08-21", "fecha_ingreso_original": "21/08/2026", "calidad_fecha": "OK", "plataforma": "D", "parroquia": "Riobamba", "estado": "SIN DATO", "clave_catastral": "SIN DATO", "numero_tramite": "1232396", "OBJECTID": 474, "CODIGO": 486, "ORIG_FID": 473, "fuente_inf": null, "valor_unid": 0.0, "unidad_are": null, "actualizad": null, "fecha_actu": null }, "geometry": { "type": "Point", "coordinates": [ -78.687912802126945, -1.649822309930254 ] } },
{ "type": "Feature", "properties": { "id_tramite": "475", "tipo_tramite": "IPRUS", "fecha_ingreso": "2026-08-21", "fecha_ingreso_original": "21/08/2026", "calidad_fecha": "OK", "plataforma": "G", "parroquia": "Riobamba", "estado": "SIN DATO", "clave_catastral": "SIN DATO", "numero_tramite": "1232642", "OBJECTID": 475, "CODIGO": 487, "ORIG_FID": 474, "fuente_inf": null, "valor_unid": 0.0, "unidad_are": null, "actualizad": null, "fecha_actu": null }, "geometry": { "type": "Point", "coordinates": [ -78.665691241668384, -1.653685935700705 ] } },
{ "type": "Feature", "properties": { "id_tramite": "476", "tipo_tramite": "IPRUS", "fecha_ingreso": "2026-08-21", "fecha_ingreso_original": "21/08/2026", "calidad_fecha": "OK", "plataforma": "SIN PLATAFORMA", "parroquia": "San Luis", "estado": "SIN DATO", "clave_catastral": "SIN DATO", "numero_tramite": "1232735", "OBJECTID": 476, "CODIGO": 488, "ORIG_FID": 475, "fuente_inf": null, "valor_unid": 0.0, "unidad_are": null, "actualizad": null, "fecha_actu": null }, "geometry": { "type": "Point", "coordinates": [ -78.621767326446758, -1.702610946569863 ] } },
{ "type": "Feature", "properties": { "id_tramite": "477", "tipo_tramite": "IPRUS", "fecha_ingreso": "2026-08-21", "fecha_ingreso_original": "21/08/2026", "calidad_fecha": "OK", "plataforma": "C", "parroquia": "Riobamba", "estado": "SIN DATO", "clave_catastral": "SIN DATO", "numero_tramite": "1232860", "OBJECTID": 477, "CODIGO": 489, "ORIG_FID": 476, "fuente_inf": null, "valor_unid": 0.0, "unidad_are": null, "actualizad": null, "fecha_actu": null }, "geometry": { "type": "Point", "coordinates": [ -78.683014163637154, -1.632507369082648 ] } },
{ "type": "Feature", "properties": { "id_tramite": "478", "tipo_tramite": "IPRUS", "fecha_ingreso": "2026-08-24", "fecha_ingreso_original": "24/08/2026", "calidad_fecha": "OK", "plataforma": "G", "parroquia": "Riobamba", "estado": "SIN DATO", "clave_catastral": "SIN DATO", "numero_tramite": "1232968", "OBJECTID": 478, "CODIGO": 490, "ORIG_FID": 477, "fuente_inf": null, "valor_unid": 0.0, "unidad_are": null, "actualizad": null, "fecha_actu": null }, "geometry": { "type": "Point", "coordinates": [ -78.666827830917228, -1.652453248858989 ] } },
{ "type": "Feature", "properties": { "id_tramite": "479", "tipo_tramite": "IPRUS", "fecha_ingreso": "2026-08-24", "fecha_ingreso_original": "24/08/2026", "calidad_fecha": "OK", "plataforma": "F", "parroquia": "Riobamba", "estado": "SIN DATO", "clave_catastral": "SIN DATO", "numero_tramite": "1232989", "OBJECTID": 479, "CODIGO": 491, "ORIG_FID": 478, "fuente_inf": null, "valor_unid": 0.0, "unidad_are": null, "actualizad": null, "fecha_actu": null }, "geometry": { "type": "Point", "coordinates": [ -78.674896207937181, -1.650248543591629 ] } },
{ "type": "Feature", "properties": { "id_tramite": "480", "tipo_tramite": "IPRUS", "fecha_ingreso": "2026-08-24", "fecha_ingreso_original": "24/08/2026", "calidad_fecha": "OK", "plataforma": "SIN PLATAFORMA", "parroquia": "Riobamba", "estado": "SIN DATO", "clave_catastral": "SIN DATO", "numero_tramite": "1233004", "OBJECTID": 480, "CODIGO": 492, "ORIG_FID": 479, "fuente_inf": null, "valor_unid": 0.0, "unidad_are": null, "actualizad": null, "fecha_actu": null }, "geometry": { "type": "Point", "coordinates": [ -78.678104234133215, -1.666233891769464 ] } },
{ "type": "Feature", "properties": { "id_tramite": "481", "tipo_tramite": "EXCEDENTES", "fecha_ingreso": "2026-08-24", "fecha_ingreso_original": "24/08/2026", "calidad_fecha": "OK", "plataforma": "Ñ", "parroquia": "Riobamba", "estado": "SIN DATO", "clave_catastral": "SIN DATO", "numero_tramite": "1231273", "OBJECTID": 481, "CODIGO": 493, "ORIG_FID": 480, "fuente_inf": null, "valor_unid": 0.0, "unidad_are": null, "actualizad": null, "fecha_actu": null }, "geometry": { "type": "Point", "coordinates": [ -78.650444925674691, -1.68355556085927 ] } },
{ "type": "Feature", "properties": { "id_tramite": "482", "tipo_tramite": "EXCEDENTES", "fecha_ingreso": "2026-08-24", "fecha_ingreso_original": "24/08/2026", "calidad_fecha": "OK", "plataforma": "SIN PLATAFORMA", "parroquia": "Riobamba", "estado": "SIN DATO", "clave_catastral": "SIN DATO", "numero_tramite": "1230341", "OBJECTID": 482, "CODIGO": 494, "ORIG_FID": 481, "fuente_inf": null, "valor_unid": 0.0, "unidad_are": null, "actualizad": null, "fecha_actu": null }, "geometry": { "type": "Point", "coordinates": [ -78.695402265810273, -1.629250966404694 ] } },
{ "type": "Feature", "properties": { "id_tramite": "483", "tipo_tramite": "EXCEDENTES", "fecha_ingreso": "2026-08-28", "fecha_ingreso_original": "28/08/2026", "calidad_fecha": "OK", "plataforma": "F", "parroquia": "Riobamba", "estado": "SIN DATO", "clave_catastral": "SIN DATO", "numero_tramite": "1230999", "OBJECTID": 483, "CODIGO": 495, "ORIG_FID": 482, "fuente_inf": null, "valor_unid": 0.0, "unidad_are": null, "actualizad": null, "fecha_actu": null }, "geometry": { "type": "Point", "coordinates": [ -78.671331915577355, -1.652713118897322 ] } },
{ "type": "Feature", "properties": { "id_tramite": "484", "tipo_tramite": "EXCEDENTES", "fecha_ingreso": "2026-08-24", "fecha_ingreso_original": "24/08/2026", "calidad_fecha": "OK", "plataforma": "K", "parroquia": "Riobamba", "estado": "SIN DATO", "clave_catastral": "SIN DATO", "numero_tramite": "1231631", "OBJECTID": 484, "CODIGO": 496, "ORIG_FID": 483, "fuente_inf": null, "valor_unid": 0.0, "unidad_are": null, "actualizad": null, "fecha_actu": null }, "geometry": { "type": "Point", "coordinates": [ -78.650420880982651, -1.667562609990291 ] } },
{ "type": "Feature", "properties": { "id_tramite": "485", "tipo_tramite": "EXCEDENTES", "fecha_ingreso": "2026-08-24", "fecha_ingreso_original": "24/08/2026", "calidad_fecha": "OK", "plataforma": "SIN PLATAFORMA", "parroquia": "Riobamba", "estado": "SIN DATO", "clave_catastral": "SIN DATO", "numero_tramite": "1232145", "OBJECTID": 485, "CODIGO": 497, "ORIG_FID": 484, "fuente_inf": null, "valor_unid": 0.0, "unidad_are": null, "actualizad": null, "fecha_actu": null }, "geometry": { "type": "Point", "coordinates": [ -78.632747867069597, -1.65919182723834 ] } },
{ "type": "Feature", "properties": { "id_tramite": "486", "tipo_tramite": "EXCEDENTES", "fecha_ingreso": "2026-05-24", "fecha_ingreso_original": "24/05/2026", "calidad_fecha": "OK", "plataforma": "SIN PLATAFORMA", "parroquia": "Riobamba", "estado": "SIN DATO", "clave_catastral": "SIN DATO", "numero_tramite": "1232166", "OBJECTID": 486, "CODIGO": 498, "ORIG_FID": 485, "fuente_inf": null, "valor_unid": 0.0, "unidad_are": null, "actualizad": null, "fecha_actu": null }, "geometry": { "type": "Point", "coordinates": [ -78.688534104383479, -1.623743936920045 ] } },
{ "type": "Feature", "properties": { "id_tramite": "487", "tipo_tramite": "EXCEDENTES", "fecha_ingreso": "2026-08-24", "fecha_ingreso_original": "24/08/2026", "calidad_fecha": "OK", "plataforma": "SIN PLATAFORMA", "parroquia": "Licán", "estado": "SIN DATO", "clave_catastral": "SIN DATO", "numero_tramite": "1232653", "OBJECTID": 487, "CODIGO": 499, "ORIG_FID": 486, "fuente_inf": null, "valor_unid": 0.0, "unidad_are": null, "actualizad": null, "fecha_actu": null }, "geometry": { "type": "Point", "coordinates": [ -78.696518341972123, -1.64084371403322 ] } },
{ "type": "Feature", "properties": { "id_tramite": "488", "tipo_tramite": "EXCEDENTES", "fecha_ingreso": "2026-08-24", "fecha_ingreso_original": "24/08/2026", "calidad_fecha": "OK", "plataforma": "SIN PLATAFORMA", "parroquia": "San Luis", "estado": "SIN DATO", "clave_catastral": "SIN DATO", "numero_tramite": "1232876", "OBJECTID": 488, "CODIGO": 500, "ORIG_FID": 487, "fuente_inf": null, "valor_unid": 0.0, "unidad_are": null, "actualizad": null, "fecha_actu": null }, "geometry": { "type": "Point", "coordinates": [ -78.632900954347122, -1.699983174317082 ] } },
{ "type": "Feature", "properties": { "id_tramite": "489", "tipo_tramite": "IPRUS", "fecha_ingreso": "2026-08-24", "fecha_ingreso_original": "24/08/2026", "calidad_fecha": "OK", "plataforma": "J", "parroquia": "Riobamba", "estado": "SIN DATO", "clave_catastral": "SIN DATO", "numero_tramite": "1233528", "OBJECTID": 489, "CODIGO": 501, "ORIG_FID": 488, "fuente_inf": null, "valor_unid": 0.0, "unidad_are": null, "actualizad": null, "fecha_actu": null }, "geometry": { "type": "Point", "coordinates": [ -78.655344895095993, -1.675491666727917 ] } },
{ "type": "Feature", "properties": { "id_tramite": "490", "tipo_tramite": "IPRUS", "fecha_ingreso": "2026-08-26", "fecha_ingreso_original": "26/08/2026", "calidad_fecha": "OK", "plataforma": "F", "parroquia": "Riobamba", "estado": "SIN DATO", "clave_catastral": "SIN DATO", "numero_tramite": "1233887", "OBJECTID": 490, "CODIGO": 502, "ORIG_FID": 489, "fuente_inf": null, "valor_unid": 0.0, "unidad_are": null, "actualizad": null, "fecha_actu": null }, "geometry": { "type": "Point", "coordinates": [ -78.671325540236623, -1.656166392634523 ] } },
{ "type": "Feature", "properties": { "id_tramite": "491", "tipo_tramite": "IPRUS", "fecha_ingreso": "2026-08-26", "fecha_ingreso_original": "26/08/2026", "calidad_fecha": "OK", "plataforma": "Q", "parroquia": "Riobamba", "estado": "SIN DATO", "clave_catastral": "SIN DATO", "numero_tramite": "1234161", "OBJECTID": 491, "CODIGO": 503, "ORIG_FID": 490, "fuente_inf": null, "valor_unid": 0.0, "unidad_are": null, "actualizad": null, "fecha_actu": null }, "geometry": { "type": "Point", "coordinates": [ -78.628793493389679, -1.685882164157464 ] } },
{ "type": "Feature", "properties": { "id_tramite": "492", "tipo_tramite": "IPRUS", "fecha_ingreso": "2026-08-26", "fecha_ingreso_original": "26/08/2026", "calidad_fecha": "OK", "plataforma": "C", "parroquia": "Riobamba", "estado": "SIN DATO", "clave_catastral": "SIN DATO", "numero_tramite": null, "OBJECTID": 492, "CODIGO": 504, "ORIG_FID": 491, "fuente_inf": null, "valor_unid": 0.0, "unidad_are": null, "actualizad": null, "fecha_actu": null }, "geometry": { "type": "Point", "coordinates": [ -78.686713097596339, -1.645630268695034 ] } },
{ "type": "Feature", "properties": { "id_tramite": "493", "tipo_tramite": "IPRUS", "fecha_ingreso": "2026-08-26", "fecha_ingreso_original": "26/08/2026", "calidad_fecha": "OK", "plataforma": "SIN PLATAFORMA", "parroquia": "Licán", "estado": "SIN DATO", "clave_catastral": "SIN DATO", "numero_tramite": "1234754", "OBJECTID": 493, "CODIGO": 505, "ORIG_FID": 492, "fuente_inf": null, "valor_unid": 0.0, "unidad_are": null, "actualizad": null, "fecha_actu": null }, "geometry": { "type": "Point", "coordinates": [ -78.700653568153541, -1.654798353542397 ] } },
{ "type": "Feature", "properties": { "id_tramite": "494", "tipo_tramite": "IPRUS", "fecha_ingreso": "2026-08-26", "fecha_ingreso_original": "26/08/2026", "calidad_fecha": "OK", "plataforma": "I", "parroquia": "Riobamba", "estado": "SIN DATO", "clave_catastral": "SIN DATO", "numero_tramite": "1234835", "OBJECTID": 494, "CODIGO": 506, "ORIG_FID": 493, "fuente_inf": null, "valor_unid": 0.0, "unidad_are": null, "actualizad": null, "fecha_actu": null }, "geometry": { "type": "Point", "coordinates": [ -78.653207089763171, -1.664625034190556 ] } },
{ "type": "Feature", "properties": { "id_tramite": "495", "tipo_tramite": "IPRUS", "fecha_ingreso": "2026-08-26", "fecha_ingreso_original": "26/08/2026", "calidad_fecha": "OK", "plataforma": "M", "parroquia": "Riobamba", "estado": "SIN DATO", "clave_catastral": "SIN DATO", "numero_tramite": "1234967", "OBJECTID": 495, "CODIGO": 507, "ORIG_FID": 494, "fuente_inf": null, "valor_unid": 0.0, "unidad_are": null, "actualizad": null, "fecha_actu": null }, "geometry": { "type": "Point", "coordinates": [ -78.646265704117141, -1.659769312071474 ] } },
{ "type": "Feature", "properties": { "id_tramite": "496", "tipo_tramite": "IPRUS", "fecha_ingreso": "2026-08-26", "fecha_ingreso_original": "26/08/2026", "calidad_fecha": "OK", "plataforma": "M", "parroquia": "Riobamba", "estado": "SIN DATO", "clave_catastral": "SIN DATO", "numero_tramite": "1235474", "OBJECTID": 496, "CODIGO": 508, "ORIG_FID": 495, "fuente_inf": null, "valor_unid": 0.0, "unidad_are": null, "actualizad": null, "fecha_actu": null }, "geometry": { "type": "Point", "coordinates": [ -78.637570452446681, -1.658893153419669 ] } },
{ "type": "Feature", "properties": { "id_tramite": "497", "tipo_tramite": "IPRUS", "fecha_ingreso": "2026-08-26", "fecha_ingreso_original": "26/08/2026", "calidad_fecha": "OK", "plataforma": "SIN PLATAFORMA", "parroquia": "Riobamba", "estado": "SIN DATO", "clave_catastral": "SIN DATO", "numero_tramite": "1235458", "OBJECTID": 497, "CODIGO": 509, "ORIG_FID": 496, "fuente_inf": null, "valor_unid": 0.0, "unidad_are": null, "actualizad": null, "fecha_actu": null }, "geometry": { "type": "Point", "coordinates": [ -78.678434781075083, -1.664978034698205 ] } },
{ "type": "Feature", "properties": { "id_tramite": "498", "tipo_tramite": "IPRUS", "fecha_ingreso": "2026-08-26", "fecha_ingreso_original": "26/08/2026", "calidad_fecha": "OK", "plataforma": "C", "parroquia": "Riobamba", "estado": "SIN DATO", "clave_catastral": "SIN DATO", "numero_tramite": "1235538", "OBJECTID": 498, "CODIGO": 510, "ORIG_FID": 497, "fuente_inf": null, "valor_unid": 0.0, "unidad_are": null, "actualizad": null, "fecha_actu": null }, "geometry": { "type": "Point", "coordinates": [ -78.687367741646895, -1.644270954770239 ] } },
{ "type": "Feature", "properties": { "id_tramite": "499", "tipo_tramite": "IPRUS", "fecha_ingreso": "2026-08-26", "fecha_ingreso_original": "26/08/2026", "calidad_fecha": "OK", "plataforma": "Ñ", "parroquia": "Riobamba", "estado": "SIN DATO", "clave_catastral": "SIN DATO", "numero_tramite": "1218723", "OBJECTID": 499, "CODIGO": 511, "ORIG_FID": 498, "fuente_inf": null, "valor_unid": 0.0, "unidad_are": null, "actualizad": null, "fecha_actu": null }, "geometry": { "type": "Point", "coordinates": [ -78.649803538565436, -1.685807345661289 ] } },
{ "type": "Feature", "properties": { "id_tramite": "500", "tipo_tramite": "IPRUS", "fecha_ingreso": "2026-08-26", "fecha_ingreso_original": "26/08/2026", "calidad_fecha": "OK", "plataforma": "G", "parroquia": "Riobamba", "estado": "SIN DATO", "clave_catastral": "SIN DATO", "numero_tramite": "1235611", "OBJECTID": 500, "CODIGO": 512, "ORIG_FID": 499, "fuente_inf": null, "valor_unid": 0.0, "unidad_are": null, "actualizad": null, "fecha_actu": null }, "geometry": { "type": "Point", "coordinates": [ -78.667165439502782, -1.644284387579705 ] } },
{ "type": "Feature", "properties": { "id_tramite": "501", "tipo_tramite": "IPRUS", "fecha_ingreso": "2026-08-27", "fecha_ingreso_original": "27/08/2026", "calidad_fecha": "OK", "plataforma": "D", "parroquia": "Riobamba", "estado": "SIN DATO", "clave_catastral": "SIN DATO", "numero_tramite": "1235849", "OBJECTID": 501, "CODIGO": 513, "ORIG_FID": 500, "fuente_inf": null, "valor_unid": 0.0, "unidad_are": null, "actualizad": null, "fecha_actu": null }, "geometry": { "type": "Point", "coordinates": [ -78.683880144938328, -1.656653200475184 ] } },
{ "type": "Feature", "properties": { "id_tramite": "502", "tipo_tramite": "IPRUS", "fecha_ingreso": "2026-08-27", "fecha_ingreso_original": "27/08/2026", "calidad_fecha": "OK", "plataforma": "D", "parroquia": "Licán", "estado": "SIN DATO", "clave_catastral": "SIN DATO", "numero_tramite": "1235977", "OBJECTID": 502, "CODIGO": 514, "ORIG_FID": 501, "fuente_inf": null, "valor_unid": 0.0, "unidad_are": null, "actualizad": null, "fecha_actu": null }, "geometry": { "type": "Point", "coordinates": [ -78.689783052396152, -1.6607656292345 ] } },
{ "type": "Feature", "properties": { "id_tramite": "503", "tipo_tramite": "IPRUS", "fecha_ingreso": "2026-08-27", "fecha_ingreso_original": "27/08/2026", "calidad_fecha": "OK", "plataforma": "SIN PLATAFORMA", "parroquia": "Licto", "estado": "SIN DATO", "clave_catastral": "SIN DATO", "numero_tramite": "1236029", "OBJECTID": 503, "CODIGO": 515, "ORIG_FID": 502, "fuente_inf": null, "valor_unid": 0.0, "unidad_are": null, "actualizad": null, "fecha_actu": null }, "geometry": { "type": "Point", "coordinates": [ -78.636333066027746, -1.757349202461202 ] } },
{ "type": "Feature", "properties": { "id_tramite": "504", "tipo_tramite": "IPRUS", "fecha_ingreso": "2026-08-27", "fecha_ingreso_original": "27/08/2026", "calidad_fecha": "OK", "plataforma": "C", "parroquia": "Riobamba", "estado": "SIN DATO", "clave_catastral": "SIN DATO", "numero_tramite": "1236091", "OBJECTID": 504, "CODIGO": 516, "ORIG_FID": 503, "fuente_inf": null, "valor_unid": 0.0, "unidad_are": null, "actualizad": null, "fecha_actu": null }, "geometry": { "type": "Point", "coordinates": [ -78.677624463682392, -1.644024726416214 ] } },
{ "type": "Feature", "properties": { "id_tramite": "505", "tipo_tramite": "IPRUS", "fecha_ingreso": "2026-08-27", "fecha_ingreso_original": "27/08/2026", "calidad_fecha": "OK", "plataforma": "SIN PLATAFORMA", "parroquia": "Riobamba", "estado": "SIN DATO", "clave_catastral": "SIN DATO", "numero_tramite": "1236095", "OBJECTID": 505, "CODIGO": 517, "ORIG_FID": 504, "fuente_inf": null, "valor_unid": 0.0, "unidad_are": null, "actualizad": null, "fecha_actu": null }, "geometry": { "type": "Point", "coordinates": [ -78.624947629114502, -1.67936189699064 ] } },
{ "type": "Feature", "properties": { "id_tramite": "506", "tipo_tramite": "IPRUS", "fecha_ingreso": "2026-08-27", "fecha_ingreso_original": "27/08/2026", "calidad_fecha": "OK", "plataforma": "SIN PLATAFORMA", "parroquia": "Riobamba", "estado": "SIN DATO", "clave_catastral": "SIN DATO", "numero_tramite": "1236157", "OBJECTID": 506, "CODIGO": 518, "ORIG_FID": 505, "fuente_inf": null, "valor_unid": 0.0, "unidad_are": null, "actualizad": null, "fecha_actu": null }, "geometry": { "type": "Point", "coordinates": [ -78.678426805152014, -1.666293484971282 ] } },
{ "type": "Feature", "properties": { "id_tramite": "507", "tipo_tramite": "EXCEDENTES", "fecha_ingreso": "2026-08-27", "fecha_ingreso_original": "27/08/2026", "calidad_fecha": "OK", "plataforma": "A", "parroquia": "Riobamba", "estado": "SIN DATO", "clave_catastral": "SIN DATO", "numero_tramite": "1234721", "OBJECTID": 507, "CODIGO": 519, "ORIG_FID": 506, "fuente_inf": null, "valor_unid": 0.0, "unidad_are": null, "actualizad": null, "fecha_actu": null }, "geometry": { "type": "Point", "coordinates": [ -78.689303580970247, -1.628850709411578 ] } },
{ "type": "Feature", "properties": { "id_tramite": "508", "tipo_tramite": "EXCEDENTES", "fecha_ingreso": "2026-08-27", "fecha_ingreso_original": "27/08/2026", "calidad_fecha": "OK", "plataforma": "C", "parroquia": "Riobamba", "estado": "SIN DATO", "clave_catastral": "SIN DATO", "numero_tramite": "1235603", "OBJECTID": 508, "CODIGO": 520, "ORIG_FID": 507, "fuente_inf": null, "valor_unid": 0.0, "unidad_are": null, "actualizad": null, "fecha_actu": null }, "geometry": { "type": "Point", "coordinates": [ -78.683637484939979, -1.63560693693127 ] } },
{ "type": "Feature", "properties": { "id_tramite": "509", "tipo_tramite": "EXCEDENTES", "fecha_ingreso": "2026-08-27", "fecha_ingreso_original": "27/08/2026", "calidad_fecha": "OK", "plataforma": "O", "parroquia": "Riobamba", "estado": "SIN DATO", "clave_catastral": "SIN DATO", "numero_tramite": "1234390", "OBJECTID": 509, "CODIGO": 521, "ORIG_FID": 508, "fuente_inf": null, "valor_unid": 0.0, "unidad_are": null, "actualizad": null, "fecha_actu": null }, "geometry": { "type": "Point", "coordinates": [ -78.637391744790492, -1.665786316305867 ] } },
{ "type": "Feature", "properties": { "id_tramite": "510", "tipo_tramite": "EXCEDENTES", "fecha_ingreso": "2026-08-27", "fecha_ingreso_original": "27/08/2026", "calidad_fecha": "OK", "plataforma": "SIN PLATAFORMA", "parroquia": "Quimiag", "estado": "SIN DATO", "clave_catastral": "SIN DATO", "numero_tramite": "1235749", "OBJECTID": 510, "CODIGO": 522, "ORIG_FID": 509, "fuente_inf": null, "valor_unid": 0.0, "unidad_are": null, "actualizad": null, "fecha_actu": null }, "geometry": { "type": "Point", "coordinates": [ -78.577623569823373, -1.659433796609147 ] } },
{ "type": "Feature", "properties": { "id_tramite": "511", "tipo_tramite": "EXCEDENTES", "fecha_ingreso": "2026-08-27", "fecha_ingreso_original": "27/08/2026", "calidad_fecha": "OK", "plataforma": "SIN PLATAFORMA", "parroquia": "Riobamba", "estado": "SIN DATO", "clave_catastral": "SIN DATO", "numero_tramite": "1233820", "OBJECTID": 511, "CODIGO": 523, "ORIG_FID": 510, "fuente_inf": null, "valor_unid": 0.0, "unidad_are": null, "actualizad": null, "fecha_actu": null }, "geometry": { "type": "Point", "coordinates": [ -78.676248283319254, -1.674956555402143 ] } },
{ "type": "Feature", "properties": { "id_tramite": "512", "tipo_tramite": "EXCEDENTES", "fecha_ingreso": "2026-08-27", "fecha_ingreso_original": "27/08/2026", "calidad_fecha": "OK", "plataforma": "SIN PLATAFORMA", "parroquia": "San Luis", "estado": "SIN DATO", "clave_catastral": "SIN DATO", "numero_tramite": "1234293", "OBJECTID": 512, "CODIGO": 524, "ORIG_FID": 511, "fuente_inf": null, "valor_unid": 0.0, "unidad_are": null, "actualizad": null, "fecha_actu": null }, "geometry": { "type": "Point", "coordinates": [ -78.628507004300275, -1.707513147899416 ] } },
{ "type": "Feature", "properties": { "id_tramite": "513", "tipo_tramite": "EXCEDENTES", "fecha_ingreso": "2026-08-27", "fecha_ingreso_original": "27/08/2026", "calidad_fecha": "OK", "plataforma": "B", "parroquia": "Riobamba", "estado": "SIN DATO", "clave_catastral": "SIN DATO", "numero_tramite": "1234522", "OBJECTID": 513, "CODIGO": 525, "ORIG_FID": 512, "fuente_inf": null, "valor_unid": 0.0, "unidad_are": null, "actualizad": null, "fecha_actu": null }, "geometry": { "type": "Point", "coordinates": [ -78.670340416340011, -1.64185308513806 ] } },
{ "type": "Feature", "properties": { "id_tramite": "514", "tipo_tramite": "IPRUS", "fecha_ingreso": "2026-08-27", "fecha_ingreso_original": "27/08/2026", "calidad_fecha": "OK", "plataforma": "D", "parroquia": "Riobamba", "estado": "SIN DATO", "clave_catastral": "SIN DATO", "numero_tramite": "1236520", "OBJECTID": 514, "CODIGO": 526, "ORIG_FID": 513, "fuente_inf": null, "valor_unid": 0.0, "unidad_are": null, "actualizad": null, "fecha_actu": null }, "geometry": { "type": "Point", "coordinates": [ -78.686887088630186, -1.654638466287996 ] } },
{ "type": "Feature", "properties": { "id_tramite": "515", "tipo_tramite": "IPRUS", "fecha_ingreso": "2026-08-31", "fecha_ingreso_original": "31/08/2026", "calidad_fecha": "OK", "plataforma": "L", "parroquia": "Riobamba", "estado": "SIN DATO", "clave_catastral": "SIN DATO", "numero_tramite": "1236760", "OBJECTID": 515, "CODIGO": 527, "ORIG_FID": 514, "fuente_inf": null, "valor_unid": 0.0, "unidad_are": null, "actualizad": null, "fecha_actu": null }, "geometry": { "type": "Point", "coordinates": [ -78.648803976915957, -1.65200618375774 ] } },
{ "type": "Feature", "properties": { "id_tramite": "516", "tipo_tramite": "IPRUS", "fecha_ingreso": "2026-08-31", "fecha_ingreso_original": "31/08/2026", "calidad_fecha": "OK", "plataforma": "G", "parroquia": "Riobamba", "estado": "SIN DATO", "clave_catastral": "SIN DATO", "numero_tramite": "1236869", "OBJECTID": 516, "CODIGO": 528, "ORIG_FID": 515, "fuente_inf": null, "valor_unid": 0.0, "unidad_are": null, "actualizad": null, "fecha_actu": null }, "geometry": { "type": "Point", "coordinates": [ -78.66405979265754, -1.644542771427857 ] } },
{ "type": "Feature", "properties": { "id_tramite": "517", "tipo_tramite": "IPRUS", "fecha_ingreso": "2026-08-31", "fecha_ingreso_original": "31/08/2026", "calidad_fecha": "OK", "plataforma": "C", "parroquia": "Riobamba", "estado": "SIN DATO", "clave_catastral": "SIN DATO", "numero_tramite": "1236899", "OBJECTID": 517, "CODIGO": 529, "ORIG_FID": 516, "fuente_inf": null, "valor_unid": 0.0, "unidad_are": null, "actualizad": null, "fecha_actu": null }, "geometry": { "type": "Point", "coordinates": [ -78.679295225230703, -1.640935645480088 ] } },
{ "type": "Feature", "properties": { "id_tramite": "518", "tipo_tramite": "EXCEDENTES", "fecha_ingreso": "2026-08-31", "fecha_ingreso_original": "31/08/2026", "calidad_fecha": "OK", "plataforma": "J", "parroquia": "Riobamba", "estado": "SIN DATO", "clave_catastral": "SIN DATO", "numero_tramite": "1236234", "OBJECTID": 518, "CODIGO": 530, "ORIG_FID": 517, "fuente_inf": null, "valor_unid": 0.0, "unidad_are": null, "actualizad": null, "fecha_actu": null }, "geometry": { "type": "Point", "coordinates": [ -78.660072836572056, -1.672754804343869 ] } },
{ "type": "Feature", "properties": { "id_tramite": "519", "tipo_tramite": "EXCEDENTES", "fecha_ingreso": "2026-08-31", "fecha_ingreso_original": "31/08/2026", "calidad_fecha": "OK", "plataforma": "SIN PLATAFORMA", "parroquia": "Pungalá", "estado": "SIN DATO", "clave_catastral": "SIN DATO", "numero_tramite": "1236396", "OBJECTID": 519, "CODIGO": 531, "ORIG_FID": 518, "fuente_inf": null, "valor_unid": 0.0, "unidad_are": null, "actualizad": null, "fecha_actu": null }, "geometry": { "type": "Point", "coordinates": [ -78.58319511205903, -1.808268582925273 ] } },
{ "type": "Feature", "properties": { "id_tramite": "520", "tipo_tramite": "EXCEDENTES", "fecha_ingreso": "2026-08-31", "fecha_ingreso_original": "31/08/2026", "calidad_fecha": "OK", "plataforma": "SIN PLATAFORMA", "parroquia": "Licán", "estado": "SIN DATO", "clave_catastral": "SIN DATO", "numero_tramite": "1236394", "OBJECTID": 520, "CODIGO": 532, "ORIG_FID": 519, "fuente_inf": null, "valor_unid": 0.0, "unidad_are": null, "actualizad": null, "fecha_actu": null }, "geometry": { "type": "Point", "coordinates": [ -78.695738546276658, -1.653285439228421 ] } },
{ "type": "Feature", "properties": { "id_tramite": "521", "tipo_tramite": "IPRUS", "fecha_ingreso": "2026-08-31", "fecha_ingreso_original": "31/08/2026", "calidad_fecha": "OK", "plataforma": "SIN PLATAFORMA", "parroquia": "San Luis", "estado": "SIN DATO", "clave_catastral": "SIN DATO", "numero_tramite": "1236817", "OBJECTID": 521, "CODIGO": 533, "ORIG_FID": 520, "fuente_inf": null, "valor_unid": 0.0, "unidad_are": null, "actualizad": null, "fecha_actu": null }, "geometry": { "type": "Point", "coordinates": [ -78.638286855907396, -1.69364746987462 ] } },
{ "type": "Feature", "properties": { "id_tramite": "522", "tipo_tramite": "EXCEDENTES", "fecha_ingreso": "2026-08-31", "fecha_ingreso_original": "31/08/2026", "calidad_fecha": "OK", "plataforma": "J", "parroquia": "Riobamba", "estado": "SIN DATO", "clave_catastral": "SIN DATO", "numero_tramite": "1236552", "OBJECTID": 522, "CODIGO": 534, "ORIG_FID": 521, "fuente_inf": null, "valor_unid": 0.0, "unidad_are": null, "actualizad": null, "fecha_actu": null }, "geometry": { "type": "Point", "coordinates": [ -78.653326507496942, -1.676854639227377 ] } },
{ "type": "Feature", "properties": { "id_tramite": "523", "tipo_tramite": "IPRUS", "fecha_ingreso": "2026-08-31", "fecha_ingreso_original": "31/08/2026", "calidad_fecha": "OK", "plataforma": "H", "parroquia": "Riobamba", "estado": "SIN DATO", "clave_catastral": "SIN DATO", "numero_tramite": "1237244", "OBJECTID": 523, "CODIGO": 535, "ORIG_FID": 522, "fuente_inf": null, "valor_unid": 0.0, "unidad_are": null, "actualizad": null, "fecha_actu": null }, "geometry": { "type": "Point", "coordinates": [ -78.669054635186669, -1.661434899995011 ] } },
{ "type": "Feature", "properties": { "id_tramite": "524", "tipo_tramite": "IPRUS", "fecha_ingreso": "2026-08-31", "fecha_ingreso_original": "31/08/2026", "calidad_fecha": "OK", "plataforma": "G", "parroquia": "Riobamba", "estado": "SIN DATO", "clave_catastral": "SIN DATO", "numero_tramite": "123751", "OBJECTID": 524, "CODIGO": 536, "ORIG_FID": 523, "fuente_inf": null, "valor_unid": 0.0, "unidad_are": null, "actualizad": null, "fecha_actu": null }, "geometry": { "type": "Point", "coordinates": [ -78.662315863227676, -1.649422351891795 ] } },
{ "type": "Feature", "properties": { "id_tramite": "525", "tipo_tramite": "IPRUS", "fecha_ingreso": "2026-08-31", "fecha_ingreso_original": "31/08/2026", "calidad_fecha": "OK", "plataforma": "SIN PLATAFORMA", "parroquia": "Cacha", "estado": "SIN DATO", "clave_catastral": "SIN DATO", "numero_tramite": "1237299", "OBJECTID": 525, "CODIGO": 537, "ORIG_FID": 524, "fuente_inf": null, "valor_unid": 0.0, "unidad_are": null, "actualizad": null, "fecha_actu": null }, "geometry": { "type": "Point", "coordinates": [ -78.68410218716636, -1.695636367392773 ] } },
{ "type": "Feature", "properties": { "id_tramite": "526", "tipo_tramite": "IPRUS", "fecha_ingreso": "2026-08-31", "fecha_ingreso_original": "31/08/2026", "calidad_fecha": "OK", "plataforma": "Ñ", "parroquia": "Riobamba", "estado": "SIN DATO", "clave_catastral": "SIN DATO", "numero_tramite": "1237603", "OBJECTID": 526, "CODIGO": 538, "ORIG_FID": 525, "fuente_inf": null, "valor_unid": 0.0, "unidad_are": null, "actualizad": null, "fecha_actu": null }, "geometry": { "type": "Point", "coordinates": [ -78.650053630145862, -1.684496511413044 ] } },
{ "type": "Feature", "properties": { "id_tramite": "527", "tipo_tramite": "IPRUS", "fecha_ingreso": "2026-08-31", "fecha_ingreso_original": "31/08/2026", "calidad_fecha": "OK", "plataforma": "D", "parroquia": "Riobamba", "estado": "SIN DATO", "clave_catastral": "SIN DATO", "numero_tramite": "1237636", "OBJECTID": 527, "CODIGO": 539, "ORIG_FID": 526, "fuente_inf": null, "valor_unid": 0.0, "unidad_are": null, "actualizad": null, "fecha_actu": null }, "geometry": { "type": "Point", "coordinates": [ -78.691239752003753, -1.655117389906581 ] } },
{ "type": "Feature", "properties": { "id_tramite": "528", "tipo_tramite": "EXCEDENTES", "fecha_ingreso": "2026-09-01", "fecha_ingreso_original": "01/09/2026", "calidad_fecha": "OK", "plataforma": "Q", "parroquia": "Riobamba", "estado": "SIN DATO", "clave_catastral": "SIN DATO", "numero_tramite": "1237031", "OBJECTID": 528, "CODIGO": 540, "ORIG_FID": 527, "fuente_inf": null, "valor_unid": 0.0, "unidad_are": null, "actualizad": null, "fecha_actu": null }, "geometry": { "type": "Point", "coordinates": [ -78.628873415080136, -1.685375175194626 ] } },
{ "type": "Feature", "properties": { "id_tramite": "529", "tipo_tramite": "IPRUS", "fecha_ingreso": "2026-09-01", "fecha_ingreso_original": "01/09/2026", "calidad_fecha": "OK", "plataforma": "M", "parroquia": "Riobamba", "estado": "SIN DATO", "clave_catastral": "SIN DATO", "numero_tramite": "1238056", "OBJECTID": 529, "CODIGO": 541, "ORIG_FID": 528, "fuente_inf": null, "valor_unid": 0.0, "unidad_are": null, "actualizad": null, "fecha_actu": null }, "geometry": { "type": "Point", "coordinates": [ -78.64249100351239, -1.662454529612201 ] } },
{ "type": "Feature", "properties": { "id_tramite": "530", "tipo_tramite": "IPRUS", "fecha_ingreso": "2026-09-01", "fecha_ingreso_original": "01/09/2026", "calidad_fecha": "OK", "plataforma": "A", "parroquia": "Riobamba", "estado": "SIN DATO", "clave_catastral": "SIN DATO", "numero_tramite": "1238133", "OBJECTID": 530, "CODIGO": 542, "ORIG_FID": 529, "fuente_inf": null, "valor_unid": 0.0, "unidad_are": null, "actualizad": null, "fecha_actu": null }, "geometry": { "type": "Point", "coordinates": [ -78.685115258459646, -1.630179835218522 ] } },
{ "type": "Feature", "properties": { "id_tramite": "531", "tipo_tramite": "IPRUS", "fecha_ingreso": "2026-09-01", "fecha_ingreso_original": "01/09/2026", "calidad_fecha": "OK", "plataforma": "I", "parroquia": "Riobamba", "estado": "SIN DATO", "clave_catastral": "SIN DATO", "numero_tramite": "1237907", "OBJECTID": 531, "CODIGO": 543, "ORIG_FID": 530, "fuente_inf": null, "valor_unid": 0.0, "unidad_are": null, "actualizad": null, "fecha_actu": null }, "geometry": { "type": "Point", "coordinates": [ -78.655162115926473, -1.662193162954352 ] } },
{ "type": "Feature", "properties": { "id_tramite": "532", "tipo_tramite": "IPRUS", "fecha_ingreso": "2026-09-01", "fecha_ingreso_original": "01/09/2026", "calidad_fecha": "OK", "plataforma": "I", "parroquia": "Riobamba", "estado": "SIN DATO", "clave_catastral": "SIN DATO", "numero_tramite": "1237789", "OBJECTID": 532, "CODIGO": 544, "ORIG_FID": 531, "fuente_inf": null, "valor_unid": 0.0, "unidad_are": null, "actualizad": null, "fecha_actu": null }, "geometry": { "type": "Point", "coordinates": [ -78.651677380200169, -1.665423565414108 ] } },
{ "type": "Feature", "properties": { "id_tramite": "533", "tipo_tramite": "IPRUS", "fecha_ingreso": "2026-09-01", "fecha_ingreso_original": "01/09/2026", "calidad_fecha": "OK", "plataforma": "L", "parroquia": "Riobamba", "estado": "SIN DATO", "clave_catastral": "SIN DATO", "numero_tramite": "1238345", "OBJECTID": 533, "CODIGO": 545, "ORIG_FID": 532, "fuente_inf": null, "valor_unid": 0.0, "unidad_are": null, "actualizad": null, "fecha_actu": null }, "geometry": { "type": "Point", "coordinates": [ -78.648825448702326, -1.654767552475092 ] } },
{ "type": "Feature", "properties": { "id_tramite": "534", "tipo_tramite": "IPRUS", "fecha_ingreso": "2026-09-01", "fecha_ingreso_original": "01/09/2026", "calidad_fecha": "OK", "plataforma": "G", "parroquia": "Riobamba", "estado": "SIN DATO", "clave_catastral": "SIN DATO", "numero_tramite": "1238371", "OBJECTID": 534, "CODIGO": 546, "ORIG_FID": 533, "fuente_inf": null, "valor_unid": 0.0, "unidad_are": null, "actualizad": null, "fecha_actu": null }, "geometry": { "type": "Point", "coordinates": [ -78.668890230443694, -1.645141868315513 ] } },
{ "type": "Feature", "properties": { "id_tramite": "535", "tipo_tramite": "IPRUS", "fecha_ingreso": "2026-09-01", "fecha_ingreso_original": "01/09/2026", "calidad_fecha": "OK", "plataforma": "G", "parroquia": "Riobamba", "estado": "SIN DATO", "clave_catastral": "SIN DATO", "numero_tramite": "1238470", "OBJECTID": 535, "CODIGO": 547, "ORIG_FID": 534, "fuente_inf": null, "valor_unid": 0.0, "unidad_are": null, "actualizad": null, "fecha_actu": null }, "geometry": { "type": "Point", "coordinates": [ -78.661970878912896, -1.647690358303722 ] } },
{ "type": "Feature", "properties": { "id_tramite": "536", "tipo_tramite": "IPRUS", "fecha_ingreso": "2026-09-03", "fecha_ingreso_original": "03/09/2026", "calidad_fecha": "OK", "plataforma": "G", "parroquia": "Riobamba", "estado": "SIN DATO", "clave_catastral": "SIN DATO", "numero_tramite": "1239813", "OBJECTID": 536, "CODIGO": 548, "ORIG_FID": 535, "fuente_inf": null, "valor_unid": 0.0, "unidad_are": null, "actualizad": null, "fecha_actu": null }, "geometry": { "type": "Point", "coordinates": [ -78.664202314592657, -1.64920656802459 ] } },
{ "type": "Feature", "properties": { "id_tramite": "537", "tipo_tramite": "IPRUS", "fecha_ingreso": "2026-09-03", "fecha_ingreso_original": "03/09/2026", "calidad_fecha": "OK", "plataforma": "F", "parroquia": "Riobamba", "estado": "SIN DATO", "clave_catastral": "SIN DATO", "numero_tramite": "1238526", "OBJECTID": 537, "CODIGO": 549, "ORIG_FID": 536, "fuente_inf": null, "valor_unid": 0.0, "unidad_are": null, "actualizad": null, "fecha_actu": null }, "geometry": { "type": "Point", "coordinates": [ -78.674887176025734, -1.653290470965708 ] } },
{ "type": "Feature", "properties": { "id_tramite": "538", "tipo_tramite": "IPRUS", "fecha_ingreso": "2026-09-03", "fecha_ingreso_original": "03/09/2026", "calidad_fecha": "OK", "plataforma": "O", "parroquia": "Riobamba", "estado": "SIN DATO", "clave_catastral": "SIN DATO", "numero_tramite": "1239129", "OBJECTID": 538, "CODIGO": 550, "ORIG_FID": 537, "fuente_inf": null, "valor_unid": 0.0, "unidad_are": null, "actualizad": null, "fecha_actu": null }, "geometry": { "type": "Point", "coordinates": [ -78.643580063680091, -1.673201722761222 ] } },
{ "type": "Feature", "properties": { "id_tramite": "539", "tipo_tramite": "IPRUS", "fecha_ingreso": "2026-09-03", "fecha_ingreso_original": "03/09/2026", "calidad_fecha": "OK", "plataforma": "M", "parroquia": "Riobamba", "estado": "SIN DATO", "clave_catastral": "SIN DATO", "numero_tramite": "1239631", "OBJECTID": 539, "CODIGO": 551, "ORIG_FID": 538, "fuente_inf": null, "valor_unid": 0.0, "unidad_are": null, "actualizad": null, "fecha_actu": null }, "geometry": { "type": "Point", "coordinates": [ -78.644894231611715, -1.663719555720157 ] } },
{ "type": "Feature", "properties": { "id_tramite": "540", "tipo_tramite": "IPRUS", "fecha_ingreso": "2026-09-03", "fecha_ingreso_original": "03/09/2026", "calidad_fecha": "OK", "plataforma": "B", "parroquia": "Riobamba", "estado": "SIN DATO", "clave_catastral": "SIN DATO", "numero_tramite": "1239178", "OBJECTID": 540, "CODIGO": 552, "ORIG_FID": 539, "fuente_inf": null, "valor_unid": 0.0, "unidad_are": null, "actualizad": null, "fecha_actu": null }, "geometry": { "type": "Point", "coordinates": [ -78.675080123388071, -1.642400291333643 ] } },
{ "type": "Feature", "properties": { "id_tramite": "541", "tipo_tramite": "IPRUS", "fecha_ingreso": "2026-09-03", "fecha_ingreso_original": "03/09/2026", "calidad_fecha": "OK", "plataforma": "Ñ", "parroquia": "Riobamba", "estado": "SIN DATO", "clave_catastral": "SIN DATO", "numero_tramite": "1240463", "OBJECTID": 541, "CODIGO": 553, "ORIG_FID": 540, "fuente_inf": null, "valor_unid": 0.0, "unidad_are": null, "actualizad": null, "fecha_actu": null }, "geometry": { "type": "Point", "coordinates": [ -78.654202916296754, -1.68201770249573 ] } },
{ "type": "Feature", "properties": { "id_tramite": "542", "tipo_tramite": "IPRUS", "fecha_ingreso": "2026-09-03", "fecha_ingreso_original": "03/09/2026", "calidad_fecha": "OK", "plataforma": "SIN PLATAFORMA", "parroquia": "Riobamba", "estado": "SIN DATO", "clave_catastral": "SIN DATO", "numero_tramite": "1240166", "OBJECTID": 542, "CODIGO": 554, "ORIG_FID": 541, "fuente_inf": null, "valor_unid": 0.0, "unidad_are": null, "actualizad": null, "fecha_actu": null }, "geometry": { "type": "Point", "coordinates": [ -78.63317296729069, -1.666327196385903 ] } },
{ "type": "Feature", "properties": { "id_tramite": "543", "tipo_tramite": "IPRUS", "fecha_ingreso": "2026-09-03", "fecha_ingreso_original": "03/09/2026", "calidad_fecha": "OK", "plataforma": "SIN PLATAFORMA", "parroquia": "Riobamba", "estado": "SIN DATO", "clave_catastral": "SIN DATO", "numero_tramite": "1240166", "OBJECTID": 543, "CODIGO": 555, "ORIG_FID": 542, "fuente_inf": null, "valor_unid": 0.0, "unidad_are": null, "actualizad": null, "fecha_actu": null }, "geometry": { "type": "Point", "coordinates": [ -78.63317296729069, -1.666327196385903 ] } },
{ "type": "Feature", "properties": { "id_tramite": "544", "tipo_tramite": "IPRUS", "fecha_ingreso": "2026-09-03", "fecha_ingreso_original": "03/09/2026", "calidad_fecha": "OK", "plataforma": "P", "parroquia": "Riobamba", "estado": "SIN DATO", "clave_catastral": "SIN DATO", "numero_tramite": "1240609", "OBJECTID": 544, "CODIGO": 556, "ORIG_FID": 543, "fuente_inf": null, "valor_unid": 0.0, "unidad_are": null, "actualizad": null, "fecha_actu": null }, "geometry": { "type": "Point", "coordinates": [ -78.642718943389539, -1.688381677784469 ] } },
{ "type": "Feature", "properties": { "id_tramite": "545", "tipo_tramite": "IPRUS", "fecha_ingreso": "2026-09-03", "fecha_ingreso_original": "03/09/2026", "calidad_fecha": "OK", "plataforma": "M", "parroquia": "Riobamba", "estado": "SIN DATO", "clave_catastral": "SIN DATO", "numero_tramite": "1240697", "OBJECTID": 545, "CODIGO": 557, "ORIG_FID": 544, "fuente_inf": null, "valor_unid": 0.0, "unidad_are": null, "actualizad": null, "fecha_actu": null }, "geometry": { "type": "Point", "coordinates": [ -78.639969321289371, -1.662355731480518 ] } },
{ "type": "Feature", "properties": { "id_tramite": "546", "tipo_tramite": "IPRUS", "fecha_ingreso": "2026-09-03", "fecha_ingreso_original": "03/09/2026", "calidad_fecha": "OK", "plataforma": "SIN PLATAFORMA", "parroquia": "San Luis", "estado": "SIN DATO", "clave_catastral": "SIN DATO", "numero_tramite": "1240719", "OBJECTID": 546, "CODIGO": 558, "ORIG_FID": 545, "fuente_inf": null, "valor_unid": 0.0, "unidad_are": null, "actualizad": null, "fecha_actu": null }, "geometry": { "type": "Point", "coordinates": [ -78.615562454884355, -1.706724758967149 ] } },
{ "type": "Feature", "properties": { "id_tramite": "547", "tipo_tramite": "IPRUS", "fecha_ingreso": "2026-09-03", "fecha_ingreso_original": "03/09/2026", "calidad_fecha": "OK", "plataforma": "C", "parroquia": "Riobamba", "estado": "SIN DATO", "clave_catastral": "SIN DATO", "numero_tramite": "1240899", "OBJECTID": 547, "CODIGO": 559, "ORIG_FID": 546, "fuente_inf": null, "valor_unid": 0.0, "unidad_are": null, "actualizad": null, "fecha_actu": null }, "geometry": { "type": "Point", "coordinates": [ -78.686045182673467, -1.646982665518456 ] } },
{ "type": "Feature", "properties": { "id_tramite": "548", "tipo_tramite": "EXCEDENTES", "fecha_ingreso": "2026-09-03", "fecha_ingreso_original": "03/09/2026", "calidad_fecha": "OK", "plataforma": "SIN PLATAFORMA", "parroquia": "Punín", "estado": "SIN DATO", "clave_catastral": "SIN DATO", "numero_tramite": "1238181", "OBJECTID": 548, "CODIGO": 560, "ORIG_FID": 547, "fuente_inf": null, "valor_unid": 0.0, "unidad_are": null, "actualizad": null, "fecha_actu": null }, "geometry": { "type": "Point", "coordinates": [ -78.64314387078683, -1.742951014141382 ] } },
{ "type": "Feature", "properties": { "id_tramite": "549", "tipo_tramite": "EXCEDENTES", "fecha_ingreso": "2026-09-03", "fecha_ingreso_original": "03/09/2026", "calidad_fecha": "OK", "plataforma": "SIN PLATAFORMA", "parroquia": "Punín", "estado": "SIN DATO", "clave_catastral": "SIN DATO", "numero_tramite": "1238181", "OBJECTID": 549, "CODIGO": 561, "ORIG_FID": 548, "fuente_inf": null, "valor_unid": 0.0, "unidad_are": null, "actualizad": null, "fecha_actu": null }, "geometry": { "type": "Point", "coordinates": [ -78.64314387078683, -1.742951014141382 ] } },
{ "type": "Feature", "properties": { "id_tramite": "550", "tipo_tramite": "EXCEDENTES", "fecha_ingreso": "2026-09-03", "fecha_ingreso_original": "03/09/2026", "calidad_fecha": "OK", "plataforma": "K", "parroquia": "Riobamba", "estado": "SIN DATO", "clave_catastral": "SIN DATO", "numero_tramite": "1238311", "OBJECTID": 550, "CODIGO": 562, "ORIG_FID": 549, "fuente_inf": null, "valor_unid": 0.0, "unidad_are": null, "actualizad": null, "fecha_actu": null }, "geometry": { "type": "Point", "coordinates": [ -78.653720139418553, -1.670636928689926 ] } },
{ "type": "Feature", "properties": { "id_tramite": "551", "tipo_tramite": "EXCEDENTES", "fecha_ingreso": "2026-09-08", "fecha_ingreso_original": "08/09/2026", "calidad_fecha": "OK", "plataforma": "SIN PLATAFORMA", "parroquia": "San Luis", "estado": "SIN DATO", "clave_catastral": "SIN DATO", "numero_tramite": "1238655", "OBJECTID": 551, "CODIGO": 564, "ORIG_FID": 550, "fuente_inf": null, "valor_unid": 0.0, "unidad_are": null, "actualizad": null, "fecha_actu": null }, "geometry": { "type": "Point", "coordinates": [ -78.623115036426043, -1.715099210248693 ] } },
{ "type": "Feature", "properties": { "id_tramite": "552", "tipo_tramite": "EXCEDENTES", "fecha_ingreso": "2026-09-08", "fecha_ingreso_original": "08/09/2026", "calidad_fecha": "OK", "plataforma": "I", "parroquia": "Riobamba", "estado": "SIN DATO", "clave_catastral": "SIN DATO", "numero_tramite": "1239700", "OBJECTID": 552, "CODIGO": 565, "ORIG_FID": 551, "fuente_inf": null, "valor_unid": 0.0, "unidad_are": null, "actualizad": null, "fecha_actu": null }, "geometry": { "type": "Point", "coordinates": [ -78.658120536679874, -1.663948928542857 ] } },
{ "type": "Feature", "properties": { "id_tramite": "553", "tipo_tramite": "EXCEDENTES", "fecha_ingreso": "2026-09-08", "fecha_ingreso_original": "08/09/2026", "calidad_fecha": "OK", "plataforma": "SIN PLATAFORMA", "parroquia": "San Luis", "estado": "SIN DATO", "clave_catastral": "SIN DATO", "numero_tramite": "1239764", "OBJECTID": 553, "CODIGO": 566, "ORIG_FID": 552, "fuente_inf": null, "valor_unid": 0.0, "unidad_are": null, "actualizad": null, "fecha_actu": null }, "geometry": { "type": "Point", "coordinates": [ -78.623824179199957, -1.69276045111812 ] } },
{ "type": "Feature", "properties": { "id_tramite": "554", "tipo_tramite": "EXCEDENTES", "fecha_ingreso": "2026-09-08", "fecha_ingreso_original": "08/09/2026", "calidad_fecha": "OK", "plataforma": "SIN PLATAFORMA", "parroquia": "Riobamba", "estado": "SIN DATO", "clave_catastral": "SIN DATO", "numero_tramite": "1239751", "OBJECTID": 554, "CODIGO": 567, "ORIG_FID": 553, "fuente_inf": null, "valor_unid": 0.0, "unidad_are": null, "actualizad": null, "fecha_actu": null }, "geometry": { "type": "Point", "coordinates": [ -78.666383101632618, -1.690376942521188 ] } },
{ "type": "Feature", "properties": { "id_tramite": "555", "tipo_tramite": "EXCEDENTES", "fecha_ingreso": "2026-09-08", "fecha_ingreso_original": "08/09/2026", "calidad_fecha": "OK", "plataforma": "SIN PLATAFORMA", "parroquia": "Riobamba", "estado": "SIN DATO", "clave_catastral": "SIN DATO", "numero_tramite": "1240396", "OBJECTID": 555, "CODIGO": 568, "ORIG_FID": 554, "fuente_inf": null, "valor_unid": 0.0, "unidad_are": null, "actualizad": null, "fecha_actu": null }, "geometry": { "type": "Point", "coordinates": [ -78.623499489862937, -1.676982361119259 ] } },
{ "type": "Feature", "properties": { "id_tramite": "556", "tipo_tramite": "EXCEDENTES", "fecha_ingreso": "2026-09-08", "fecha_ingreso_original": "08/09/2026", "calidad_fecha": "OK", "plataforma": "J", "parroquia": "Riobamba", "estado": "SIN DATO", "clave_catastral": "SIN DATO", "numero_tramite": "1240682", "OBJECTID": 556, "CODIGO": 569, "ORIG_FID": 555, "fuente_inf": null, "valor_unid": 0.0, "unidad_are": null, "actualizad": null, "fecha_actu": null }, "geometry": { "type": "Point", "coordinates": [ -78.652011823704143, -1.676926829904484 ] } },
{ "type": "Feature", "properties": { "id_tramite": "557", "tipo_tramite": "EXCEDENTES", "fecha_ingreso": null, "fecha_ingreso_original": "0809/2026", "calidad_fecha": "REVISAR", "plataforma": "M", "parroquia": "Riobamba", "estado": "SIN DATO", "clave_catastral": "SIN DATO", "numero_tramite": "1240477", "OBJECTID": 557, "CODIGO": 570, "ORIG_FID": 556, "fuente_inf": null, "valor_unid": 0.0, "unidad_are": null, "actualizad": null, "fecha_actu": null }, "geometry": { "type": "Point", "coordinates": [ -78.63952482246286, -1.656567416715607 ] } },
{ "type": "Feature", "properties": { "id_tramite": "558", "tipo_tramite": "IPRUS", "fecha_ingreso": "2026-09-08", "fecha_ingreso_original": "08/09/2026", "calidad_fecha": "OK", "plataforma": "SIN PLATAFORMA", "parroquia": "FUERA DE PARROQUIAS", "estado": "SIN DATO", "clave_catastral": "SIN DATO", "numero_tramite": "1241147", "OBJECTID": 558, "CODIGO": 571, "ORIG_FID": 557, "fuente_inf": null, "valor_unid": 0.0, "unidad_are": null, "actualizad": null, "fecha_actu": null }, "geometry": { "type": "Point", "coordinates": [ -78.591489465913341, -1.762293987373531 ] } },
{ "type": "Feature", "properties": { "id_tramite": "559", "tipo_tramite": "IPRUS", "fecha_ingreso": "2026-09-08", "fecha_ingreso_original": "08/09/2026", "calidad_fecha": "OK", "plataforma": "P", "parroquia": "Riobamba", "estado": "SIN DATO", "clave_catastral": "SIN DATO", "numero_tramite": "1241288", "OBJECTID": 559, "CODIGO": 572, "ORIG_FID": 558, "fuente_inf": null, "valor_unid": 0.0, "unidad_are": null, "actualizad": null, "fecha_actu": null }, "geometry": { "type": "Point", "coordinates": [ -78.64604956732245, -1.686615598484865 ] } },
{ "type": "Feature", "properties": { "id_tramite": "560", "tipo_tramite": "EXCEDENTES", "fecha_ingreso": "2026-09-08", "fecha_ingreso_original": "08/09/2026", "calidad_fecha": "OK", "plataforma": "SIN PLATAFORMA", "parroquia": "Riobamba", "estado": "SIN DATO", "clave_catastral": "SIN DATO", "numero_tramite": "1240884", "OBJECTID": 560, "CODIGO": 573, "ORIG_FID": 559, "fuente_inf": null, "valor_unid": 0.0, "unidad_are": null, "actualizad": null, "fecha_actu": null }, "geometry": { "type": "Point", "coordinates": [ -78.636935370572999, -1.645071814919009 ] } },
{ "type": "Feature", "properties": { "id_tramite": "561", "tipo_tramite": "IPRUS", "fecha_ingreso": "2026-09-08", "fecha_ingreso_original": "08/09/2026", "calidad_fecha": "OK", "plataforma": "SIN PLATAFORMA", "parroquia": "Riobamba", "estado": "SIN DATO", "clave_catastral": "SIN DATO", "numero_tramite": "1241928", "OBJECTID": 561, "CODIGO": 574, "ORIG_FID": 560, "fuente_inf": null, "valor_unid": 0.0, "unidad_are": null, "actualizad": null, "fecha_actu": null }, "geometry": { "type": "Point", "coordinates": [ -78.675298552288709, -1.669830418573245 ] } },
{ "type": "Feature", "properties": { "id_tramite": "562", "tipo_tramite": "IPRUS", "fecha_ingreso": "2026-09-08", "fecha_ingreso_original": "08/09/2026", "calidad_fecha": "OK", "plataforma": "Ñ", "parroquia": "Riobamba", "estado": "SIN DATO", "clave_catastral": "SIN DATO", "numero_tramite": "1241982", "OBJECTID": 562, "CODIGO": 575, "ORIG_FID": 561, "fuente_inf": null, "valor_unid": 0.0, "unidad_are": null, "actualizad": null, "fecha_actu": null }, "geometry": { "type": "Point", "coordinates": [ -78.642919777281151, -1.67973617294881 ] } },
{ "type": "Feature", "properties": { "id_tramite": "563", "tipo_tramite": "IPRUS", "fecha_ingreso": "2026-09-08", "fecha_ingreso_original": "08/09/2026", "calidad_fecha": "OK", "plataforma": "SIN PLATAFORMA", "parroquia": "FUERA DE PARROQUIAS", "estado": "SIN DATO", "clave_catastral": "SIN DATO", "numero_tramite": "1242143", "OBJECTID": 563, "CODIGO": 576, "ORIG_FID": 562, "fuente_inf": null, "valor_unid": 0.0, "unidad_are": null, "actualizad": null, "fecha_actu": null }, "geometry": { "type": "Point", "coordinates": [ -78.657871810044398, -1.64115989013576 ] } },
{ "type": "Feature", "properties": { "id_tramite": "564", "tipo_tramite": "IPRUS", "fecha_ingreso": "2026-09-08", "fecha_ingreso_original": "08/09/2026", "calidad_fecha": "OK", "plataforma": "L", "parroquia": "Riobamba", "estado": "SIN DATO", "clave_catastral": "SIN DATO", "numero_tramite": "1242213", "OBJECTID": 564, "CODIGO": 577, "ORIG_FID": 563, "fuente_inf": null, "valor_unid": 0.0, "unidad_are": null, "actualizad": null, "fecha_actu": null }, "geometry": { "type": "Point", "coordinates": [ -78.647615635443714, -1.653144232547123 ] } },
{ "type": "Feature", "properties": { "id_tramite": "565", "tipo_tramite": "IPRUS", "fecha_ingreso": "2026-09-08", "fecha_ingreso_original": "08/09/2026", "calidad_fecha": "OK", "plataforma": "SIN PLATAFORMA", "parroquia": "Riobamba", "estado": "SIN DATO", "clave_catastral": "SIN DATO", "numero_tramite": "1242231", "OBJECTID": 565, "CODIGO": 578, "ORIG_FID": 564, "fuente_inf": null, "valor_unid": 0.0, "unidad_are": null, "actualizad": null, "fecha_actu": null }, "geometry": { "type": "Point", "coordinates": [ -78.670492768745405, -1.671401600708794 ] } },
{ "type": "Feature", "properties": { "id_tramite": "566", "tipo_tramite": "IPRUS", "fecha_ingreso": "2026-09-08", "fecha_ingreso_original": "08/09/2026", "calidad_fecha": "OK", "plataforma": "C", "parroquia": "Riobamba", "estado": "SIN DATO", "clave_catastral": "SIN DATO", "numero_tramite": "1243222", "OBJECTID": 566, "CODIGO": 579, "ORIG_FID": 565, "fuente_inf": null, "valor_unid": 0.0, "unidad_are": null, "actualizad": null, "fecha_actu": null }, "geometry": { "type": "Point", "coordinates": [ -78.684304248780251, -1.640531709684695 ] } },
{ "type": "Feature", "properties": { "id_tramite": "567", "tipo_tramite": "EXCEDENTES", "fecha_ingreso": "2026-09-10", "fecha_ingreso_original": "10/09/2026", "calidad_fecha": "OK", "plataforma": "SIN PLATAFORMA", "parroquia": "Riobamba", "estado": "SIN DATO", "clave_catastral": "SIN DATO", "numero_tramite": "1241035", "OBJECTID": 567, "CODIGO": 580, "ORIG_FID": 566, "fuente_inf": null, "valor_unid": 0.0, "unidad_are": null, "actualizad": null, "fecha_actu": null }, "geometry": { "type": "Point", "coordinates": [ -78.637092320303324, -1.645374284047566 ] } },
{ "type": "Feature", "properties": { "id_tramite": "568", "tipo_tramite": "IPRUS", "fecha_ingreso": "2026-09-10", "fecha_ingreso_original": "10/09/2026", "calidad_fecha": "OK", "plataforma": "H", "parroquia": "Riobamba", "estado": "SIN DATO", "clave_catastral": "SIN DATO", "numero_tramite": "1244859", "OBJECTID": 568, "CODIGO": 581, "ORIG_FID": 567, "fuente_inf": null, "valor_unid": 0.0, "unidad_are": null, "actualizad": null, "fecha_actu": null }, "geometry": { "type": "Point", "coordinates": [ -78.677855171406804, -1.66244760946662 ] } },
{ "type": "Feature", "properties": { "id_tramite": "569", "tipo_tramite": "EXCEDENTES", "fecha_ingreso": "2026-09-10", "fecha_ingreso_original": "10/09/2026", "calidad_fecha": "OK", "plataforma": "SIN PLATAFORMA", "parroquia": "San Luis", "estado": "SIN DATO", "clave_catastral": "SIN DATO", "numero_tramite": "1242119", "OBJECTID": 569, "CODIGO": 582, "ORIG_FID": 568, "fuente_inf": null, "valor_unid": 0.0, "unidad_are": null, "actualizad": null, "fecha_actu": null }, "geometry": { "type": "Point", "coordinates": [ -78.647772090808814, -1.721582616034384 ] } },
{ "type": "Feature", "properties": { "id_tramite": "570", "tipo_tramite": "EXCEDENTES", "fecha_ingreso": "2026-09-10", "fecha_ingreso_original": "10/09/2026", "calidad_fecha": "OK", "plataforma": "O", "parroquia": "Riobamba", "estado": "SIN DATO", "clave_catastral": "SIN DATO", "numero_tramite": "1242119", "OBJECTID": 570, "CODIGO": 583, "ORIG_FID": 569, "fuente_inf": null, "valor_unid": 0.0, "unidad_are": null, "actualizad": null, "fecha_actu": null }, "geometry": { "type": "Point", "coordinates": [ -78.629980387371148, -1.673191603460645 ] } },
{ "type": "Feature", "properties": { "id_tramite": "571", "tipo_tramite": "EXCEDENTES", "fecha_ingreso": "2026-09-10", "fecha_ingreso_original": "10/09/2026", "calidad_fecha": "OK", "plataforma": "SIN PLATAFORMA", "parroquia": "Riobamba", "estado": "SIN DATO", "clave_catastral": "SIN DATO", "numero_tramite": "1242830", "OBJECTID": 571, "CODIGO": 584, "ORIG_FID": 570, "fuente_inf": null, "valor_unid": 0.0, "unidad_are": null, "actualizad": null, "fecha_actu": null }, "geometry": { "type": "Point", "coordinates": [ -78.671235434623327, -1.6900570742164 ] } },
{ "type": "Feature", "properties": { "id_tramite": "572", "tipo_tramite": "EXCEDENTES", "fecha_ingreso": "2026-09-10", "fecha_ingreso_original": "10/09/2026", "calidad_fecha": "OK", "plataforma": "SIN PLATAFORMA", "parroquia": "San Luis", "estado": "SIN DATO", "clave_catastral": "SIN DATO", "numero_tramite": "1242079", "OBJECTID": 572, "CODIGO": 585, "ORIG_FID": 571, "fuente_inf": null, "valor_unid": 0.0, "unidad_are": null, "actualizad": null, "fecha_actu": null }, "geometry": { "type": "Point", "coordinates": [ -78.639461054606727, -1.694550564782626 ] } },
{ "type": "Feature", "properties": { "id_tramite": "573", "tipo_tramite": "EXCEDENTES", "fecha_ingreso": "2026-09-10", "fecha_ingreso_original": "10/09/2026", "calidad_fecha": "OK", "plataforma": "SIN PLATAFORMA", "parroquia": "Punín", "estado": "SIN DATO", "clave_catastral": "SIN DATO", "numero_tramite": "1243819", "OBJECTID": 573, "CODIGO": 586, "ORIG_FID": 572, "fuente_inf": null, "valor_unid": 0.0, "unidad_are": null, "actualizad": null, "fecha_actu": null }, "geometry": { "type": "Point", "coordinates": [ -78.696951017485006, -1.769861998763067 ] } },
{ "type": "Feature", "properties": { "id_tramite": "574", "tipo_tramite": "EXCEDENTES", "fecha_ingreso": "2026-09-10", "fecha_ingreso_original": "10/09/2026", "calidad_fecha": "OK", "plataforma": "SIN PLATAFORMA", "parroquia": "Punín", "estado": "SIN DATO", "clave_catastral": "SIN DATO", "numero_tramite": "1243816", "OBJECTID": 574, "CODIGO": 587, "ORIG_FID": 573, "fuente_inf": null, "valor_unid": 0.0, "unidad_are": null, "actualizad": null, "fecha_actu": null }, "geometry": { "type": "Point", "coordinates": [ -78.695999043447245, -1.767454766468883 ] } },
{ "type": "Feature", "properties": { "id_tramite": "575", "tipo_tramite": "EXCEDENTES", "fecha_ingreso": "2026-09-10", "fecha_ingreso_original": "10/09/2026", "calidad_fecha": "OK", "plataforma": "SIN PLATAFORMA", "parroquia": "San Juan", "estado": "SIN DATO", "clave_catastral": "SIN DATO", "numero_tramite": "1243705", "OBJECTID": 575, "CODIGO": 588, "ORIG_FID": 574, "fuente_inf": null, "valor_unid": 0.0, "unidad_are": null, "actualizad": null, "fecha_actu": null }, "geometry": { "type": "Point", "coordinates": [ -78.782393644225735, -1.633272168630207 ] } },
{ "type": "Feature", "properties": { "id_tramite": "576", "tipo_tramite": "EXCEDENTES", "fecha_ingreso": "2026-09-10", "fecha_ingreso_original": "10/09/2026", "calidad_fecha": "OK", "plataforma": "SIN PLATAFORMA", "parroquia": "Riobamba", "estado": "SIN DATO", "clave_catastral": "SIN DATO", "numero_tramite": "1244547", "OBJECTID": 576, "CODIGO": 589, "ORIG_FID": 575, "fuente_inf": null, "valor_unid": 0.0, "unidad_are": null, "actualizad": null, "fecha_actu": null }, "geometry": { "type": "Point", "coordinates": [ -78.654588642733557, -1.69725006435562 ] } },
{ "type": "Feature", "properties": { "id_tramite": "577", "tipo_tramite": "EXCEDENTES", "fecha_ingreso": "2026-09-10", "fecha_ingreso_original": "10/09/2026", "calidad_fecha": "OK", "plataforma": "H", "parroquia": "Riobamba", "estado": "SIN DATO", "clave_catastral": "SIN DATO", "numero_tramite": "1245413", "OBJECTID": 577, "CODIGO": 590, "ORIG_FID": 576, "fuente_inf": null, "valor_unid": 0.0, "unidad_are": null, "actualizad": null, "fecha_actu": null }, "geometry": { "type": "Point", "coordinates": [ -78.669889291264795, -1.655549972613018 ] } },
{ "type": "Feature", "properties": { "id_tramite": "578", "tipo_tramite": "IPRUS", "fecha_ingreso": "2026-09-10", "fecha_ingreso_original": "10/09/2026", "calidad_fecha": "OK", "plataforma": "K", "parroquia": "Riobamba", "estado": "SIN DATO", "clave_catastral": "SIN DATO", "numero_tramite": "1245461", "OBJECTID": 578, "CODIGO": 591, "ORIG_FID": 577, "fuente_inf": null, "valor_unid": 0.0, "unidad_are": null, "actualizad": null, "fecha_actu": null }, "geometry": { "type": "Point", "coordinates": [ -78.65115746336123, -1.667209221332686 ] } },
{ "type": "Feature", "properties": { "id_tramite": "579", "tipo_tramite": "IPRUS", "fecha_ingreso": "2026-09-10", "fecha_ingreso_original": "10/09/2026", "calidad_fecha": "OK", "plataforma": "SIN PLATAFORMA", "parroquia": "Calpi", "estado": "SIN DATO", "clave_catastral": "SIN DATO", "numero_tramite": "1245543", "OBJECTID": 579, "CODIGO": 592, "ORIG_FID": 578, "fuente_inf": null, "valor_unid": 0.0, "unidad_are": null, "actualizad": null, "fecha_actu": null }, "geometry": { "type": "Point", "coordinates": [ -78.743857943332884, -1.644495461754476 ] } },
{ "type": "Feature", "properties": { "id_tramite": "580", "tipo_tramite": "TRANSFERENCIA DE DOMINIO", "fecha_ingreso": null, "fecha_ingreso_original": null, "calidad_fecha": "REVISAR", "plataforma": "SIN PLATAFORMA", "parroquia": "San Luis", "estado": "SIN DATO", "clave_catastral": "SIN DATO", "numero_tramite": null, "OBJECTID": 580, "CODIGO": 0, "ORIG_FID": 0, "fuente_inf": "TRANSFERENCIA DE DOMINIO", "valor_unid": 230.5, "unidad_are": "METROS CUADRADOS", "actualizad": "rbarreno", "fecha_actu": "2026/05/13 16:25:28.591" }, "geometry": { "type": "Point", "coordinates": [ -78.621290872167691, -1.691969915118271 ] } },
{ "type": "Feature", "properties": { "id_tramite": "581", "tipo_tramite": "TRANSFERENCIA DE DOMINIO", "fecha_ingreso": null, "fecha_ingreso_original": null, "calidad_fecha": "REVISAR", "plataforma": "SIN PLATAFORMA", "parroquia": "San Luis", "estado": "SIN DATO", "clave_catastral": "SIN DATO", "numero_tramite": null, "OBJECTID": 581, "CODIGO": 0, "ORIG_FID": 0, "fuente_inf": "TRANSFERENCIA DE DOMINIO", "valor_unid": 20.0, "unidad_are": "METROS CUADRADOS", "actualizad": "rbarreno", "fecha_actu": "2026/05/15 09:50:03.175" }, "geometry": { "type": "Point", "coordinates": [ -78.625444211388483, -1.695495863019354 ] } },
{ "type": "Feature", "properties": { "id_tramite": "582", "tipo_tramite": "TRANSFERENCIA DE DOMINIO", "fecha_ingreso": null, "fecha_ingreso_original": null, "calidad_fecha": "REVISAR", "plataforma": "SIN PLATAFORMA", "parroquia": "Licán", "estado": "SIN DATO", "clave_catastral": "SIN DATO", "numero_tramite": null, "OBJECTID": 582, "CODIGO": 0, "ORIG_FID": 0, "fuente_inf": "TRANFERENCIA DE DOMINIO", "valor_unid": 36.08, "unidad_are": "METROS CUADRADOS", "actualizad": "asamaniego", "fecha_actu": "2026/05/26 18:15:16.234" }, "geometry": { "type": "Point", "coordinates": [ -78.709289175864342, -1.646335567251456 ] } },
{ "type": "Feature", "properties": { "id_tramite": "583", "tipo_tramite": "TRANSFERENCIA DE DOMINIO", "fecha_ingreso": null, "fecha_ingreso_original": null, "calidad_fecha": "REVISAR", "plataforma": "SIN PLATAFORMA", "parroquia": "Licán", "estado": "SIN DATO", "clave_catastral": "SIN DATO", "numero_tramite": null, "OBJECTID": 583, "CODIGO": 0, "ORIG_FID": 0, "fuente_inf": "TRANFERENCIA DE DOMINIO", "valor_unid": 36.08, "unidad_are": "METROS CUADRADOS", "actualizad": "asamaniego", "fecha_actu": "2026/05/26 18:15:16.234" }, "geometry": { "type": "Point", "coordinates": [ -78.709289175864342, -1.646335567251456 ] } },
{ "type": "Feature", "properties": { "id_tramite": "584", "tipo_tramite": "TRANSFERENCIA DE DOMINIO", "fecha_ingreso": null, "fecha_ingreso_original": null, "calidad_fecha": "REVISAR", "plataforma": "SIN PLATAFORMA", "parroquia": "San Luis", "estado": "SIN DATO", "clave_catastral": "SIN DATO", "numero_tramite": null, "OBJECTID": 584, "CODIGO": 0, "ORIG_FID": 0, "fuente_inf": "TRANSFERENCIA DE DOMINIO", "valor_unid": 1.44, "unidad_are": "METROS CUADRADOS", "actualizad": "asamaniego", "fecha_actu": "2026/05/26 18:15:16.234" }, "geometry": { "type": "Point", "coordinates": [ -78.631780077456739, -1.710869911898325 ] } },
{ "type": "Feature", "properties": { "id_tramite": "585", "tipo_tramite": "TRANSFERENCIA DE DOMINIO", "fecha_ingreso": null, "fecha_ingreso_original": null, "calidad_fecha": "REVISAR", "plataforma": "SIN PLATAFORMA", "parroquia": "Riobamba", "estado": "SIN DATO", "clave_catastral": "SIN DATO", "numero_tramite": null, "OBJECTID": 585, "CODIGO": 0, "ORIG_FID": 0, "fuente_inf": "TRANFERENCIA DE DOMINIO", "valor_unid": 94.75, "unidad_are": "METROS CUADRADOS", "actualizad": "asamaniego", "fecha_actu": "2026/05/26 18:15:16.234" }, "geometry": { "type": "Point", "coordinates": [ -78.622999831175449, -1.678368350098863 ] } },
{ "type": "Feature", "properties": { "id_tramite": "586", "tipo_tramite": "TRANSFERENCIA DE DOMINIO", "fecha_ingreso": null, "fecha_ingreso_original": null, "calidad_fecha": "REVISAR", "plataforma": "SIN PLATAFORMA", "parroquia": "Licán", "estado": "SIN DATO", "clave_catastral": "SIN DATO", "numero_tramite": null, "OBJECTID": 586, "CODIGO": 0, "ORIG_FID": 0, "fuente_inf": "TRANSFERENCIA DE DOMINIO", "valor_unid": 7.52, "unidad_are": "METROS CUADRADOS", "actualizad": "asamaniego", "fecha_actu": "2026/05/26 18:15:16.234" }, "geometry": { "type": "Point", "coordinates": [ -78.714474324003987, -1.622621242337647 ] } },
{ "type": "Feature", "properties": { "id_tramite": "587", "tipo_tramite": "TRANSFERENCIA DE DOMINIO", "fecha_ingreso": null, "fecha_ingreso_original": null, "calidad_fecha": "REVISAR", "plataforma": "SIN PLATAFORMA", "parroquia": "San Luis", "estado": "SIN DATO", "clave_catastral": "SIN DATO", "numero_tramite": null, "OBJECTID": 587, "CODIGO": 0, "ORIG_FID": 0, "fuente_inf": "TRANFERENCIA DE DOOMINIO", "valor_unid": 7.4, "unidad_are": "METROS CUADRADOS", "actualizad": "asamaniego", "fecha_actu": "2026/05/26 18:15:16.234" }, "geometry": { "type": "Point", "coordinates": [ -78.636239501997622, -1.71804825168317 ] } },
{ "type": "Feature", "properties": { "id_tramite": "588", "tipo_tramite": "TRANSFERENCIA DE DOMINIO", "fecha_ingreso": null, "fecha_ingreso_original": null, "calidad_fecha": "REVISAR", "plataforma": "SIN PLATAFORMA", "parroquia": "San Luis", "estado": "SIN DATO", "clave_catastral": "SIN DATO", "numero_tramite": null, "OBJECTID": 588, "CODIGO": 0, "ORIG_FID": 0, "fuente_inf": "TRANFERENCIA DE DOMINIO", "valor_unid": 9.18, "unidad_are": "METROS CUADRADOS", "actualizad": "asamaniego", "fecha_actu": "2026/05/26 18:15:16.234" }, "geometry": { "type": "Point", "coordinates": [ -78.636161444533784, -1.718231518827488 ] } },
{ "type": "Feature", "properties": { "id_tramite": "589", "tipo_tramite": "TRANSFERENCIA DE DOMINIO", "fecha_ingreso": null, "fecha_ingreso_original": null, "calidad_fecha": "REVISAR", "plataforma": "Q", "parroquia": "Riobamba", "estado": "SIN DATO", "clave_catastral": "SIN DATO", "numero_tramite": null, "OBJECTID": 589, "CODIGO": 0, "ORIG_FID": 0, "fuente_inf": "TRANSFERENCIA DE DOMINIO", "valor_unid": 122.11, "unidad_are": "METROS CUADRADOS", "actualizad": "asamaniego", "fecha_actu": "2026/05/26 18:15:16.234" }, "geometry": { "type": "Point", "coordinates": [ -78.624246126808941, -1.688584875506137 ] } },
{ "type": "Feature", "properties": { "id_tramite": "590", "tipo_tramite": "TRANSFERENCIA DE DOMINIO", "fecha_ingreso": null, "fecha_ingreso_original": null, "calidad_fecha": "REVISAR", "plataforma": "D", "parroquia": "Riobamba", "estado": "SIN DATO", "clave_catastral": "SIN DATO", "numero_tramite": null, "OBJECTID": 590, "CODIGO": 0, "ORIG_FID": 0, "fuente_inf": "TRANFERENCIA DE DOMINIO", "valor_unid": 81.74, "unidad_are": "METROS CUADRADOS", "actualizad": "asamaniego", "fecha_actu": "2026/05/26 18:15:16.234" }, "geometry": { "type": "Point", "coordinates": [ -78.688203110535383, -1.650459978851553 ] } },
{ "type": "Feature", "properties": { "id_tramite": "591", "tipo_tramite": "TRANSFERENCIA DE DOMINIO", "fecha_ingreso": null, "fecha_ingreso_original": null, "calidad_fecha": "REVISAR", "plataforma": "SIN PLATAFORMA", "parroquia": "San Luis", "estado": "SIN DATO", "clave_catastral": "SIN DATO", "numero_tramite": null, "OBJECTID": 591, "CODIGO": 0, "ORIG_FID": 0, "fuente_inf": "TRANFERENCIA DE DOMINIO", "valor_unid": 50.0, "unidad_are": "METROS CUADRADOS", "actualizad": "asamaniego", "fecha_actu": "2026/05/26 18:15:16.234" }, "geometry": { "type": "Point", "coordinates": [ -78.627373483451251, -1.699263175088229 ] } },
{ "type": "Feature", "properties": { "id_tramite": "592", "tipo_tramite": "TRANSFERENCIA DE DOMINIO", "fecha_ingreso": null, "fecha_ingreso_original": null, "calidad_fecha": "REVISAR", "plataforma": "SIN PLATAFORMA", "parroquia": "Licán", "estado": "SIN DATO", "clave_catastral": "SIN DATO", "numero_tramite": null, "OBJECTID": 592, "CODIGO": 0, "ORIG_FID": 0, "fuente_inf": "TRANSFERENCIA DE DOMINIO", "valor_unid": 38.63, "unidad_are": "METROS CUADRADOS", "actualizad": "asamaniego", "fecha_actu": "2026/05/26 18:15:16.234" }, "geometry": { "type": "Point", "coordinates": [ -78.714109973372388, -1.634703878238524 ] } },
{ "type": "Feature", "properties": { "id_tramite": "593", "tipo_tramite": "TRANSFERENCIA DE DOMINIO", "fecha_ingreso": null, "fecha_ingreso_original": null, "calidad_fecha": "REVISAR", "plataforma": "SIN PLATAFORMA", "parroquia": "Quimiag", "estado": "SIN DATO", "clave_catastral": "SIN DATO", "numero_tramite": null, "OBJECTID": 593, "CODIGO": 0, "ORIG_FID": 0, "fuente_inf": "TRANFERENCIA DE DOMINIO", "valor_unid": 30.3, "unidad_are": "METROS CUADRADOS", "actualizad": "asamaniego", "fecha_actu": "2026/05/26 18:15:16.234" }, "geometry": { "type": "Point", "coordinates": [ -78.568151427571209, -1.654710740154705 ] } },
{ "type": "Feature", "properties": { "id_tramite": "594", "tipo_tramite": "TRANSFERENCIA DE DOMINIO", "fecha_ingreso": null, "fecha_ingreso_original": null, "calidad_fecha": "REVISAR", "plataforma": "SIN PLATAFORMA", "parroquia": "Pungalá", "estado": "SIN DATO", "clave_catastral": "SIN DATO", "numero_tramite": null, "OBJECTID": 594, "CODIGO": 0, "ORIG_FID": 0, "fuente_inf": "TRANFERENCIA DE DOMINIO", "valor_unid": 15.55, "unidad_are": "METROS CUADRADOS", "actualizad": "asamaniego", "fecha_actu": "2026/05/26 18:15:16.234" }, "geometry": { "type": "Point", "coordinates": [ -78.593497796072569, -1.815904145865978 ] } },
{ "type": "Feature", "properties": { "id_tramite": "595", "tipo_tramite": "TRANSFERENCIA DE DOMINIO", "fecha_ingreso": null, "fecha_ingreso_original": null, "calidad_fecha": "REVISAR", "plataforma": "SIN PLATAFORMA", "parroquia": "Licán", "estado": "SIN DATO", "clave_catastral": "SIN DATO", "numero_tramite": null, "OBJECTID": 595, "CODIGO": 0, "ORIG_FID": 0, "fuente_inf": "TRANSFERENCIA DE DOMINIO", "valor_unid": 26.65, "unidad_are": "METROS CUADRADOS", "actualizad": "asamaniego", "fecha_actu": "2026/05/26 18:15:16.234" }, "geometry": { "type": "Point", "coordinates": [ -78.701014965316048, -1.663896745503152 ] } },
{ "type": "Feature", "properties": { "id_tramite": "596", "tipo_tramite": "TRANSFERENCIA DE DOMINIO", "fecha_ingreso": null, "fecha_ingreso_original": null, "calidad_fecha": "REVISAR", "plataforma": "SIN PLATAFORMA", "parroquia": "Riobamba", "estado": "SIN DATO", "clave_catastral": "SIN DATO", "numero_tramite": null, "OBJECTID": 596, "CODIGO": 0, "ORIG_FID": 0, "fuente_inf": "TRANSFERENCIA DE DOMINIO", "valor_unid": 24.09, "unidad_are": "METROS CUADRADOS", "actualizad": "asamaniego", "fecha_actu": "2026/05/26 18:15:16.234" }, "geometry": { "type": "Point", "coordinates": [ -78.680550581578942, -1.680138503954624 ] } },
{ "type": "Feature", "properties": { "id_tramite": "597", "tipo_tramite": "TRANSFERENCIA DE DOMINIO", "fecha_ingreso": null, "fecha_ingreso_original": null, "calidad_fecha": "REVISAR", "plataforma": "SIN PLATAFORMA", "parroquia": "San Juan", "estado": "SIN DATO", "clave_catastral": "SIN DATO", "numero_tramite": null, "OBJECTID": 597, "CODIGO": 0, "ORIG_FID": 0, "fuente_inf": "TRANFERENCIA DE DOMINIO", "valor_unid": 17.86, "unidad_are": "METROS CUADRADOS", "actualizad": "asamaniego", "fecha_actu": "2026/05/26 18:15:16.234" }, "geometry": { "type": "Point", "coordinates": [ -78.782905702270682, -1.634600964005895 ] } },
{ "type": "Feature", "properties": { "id_tramite": "598", "tipo_tramite": "TRANSFERENCIA DE DOMINIO", "fecha_ingreso": null, "fecha_ingreso_original": null, "calidad_fecha": "REVISAR", "plataforma": "SIN PLATAFORMA", "parroquia": "Riobamba", "estado": "SIN DATO", "clave_catastral": "SIN DATO", "numero_tramite": null, "OBJECTID": 598, "CODIGO": 0, "ORIG_FID": 0, "fuente_inf": "TRANFERENCIA DE DOMINIO", "valor_unid": 38.42, "unidad_are": "METROS CUADRADOS", "actualizad": "asamaniego", "fecha_actu": "2026/05/26 18:15:16.234" }, "geometry": { "type": "Point", "coordinates": [ -78.675715071136111, -1.67700230346539 ] } },
{ "type": "Feature", "properties": { "id_tramite": "599", "tipo_tramite": "TRANSFERENCIA DE DOMINIO", "fecha_ingreso": null, "fecha_ingreso_original": null, "calidad_fecha": "REVISAR", "plataforma": "SIN PLATAFORMA", "parroquia": "San Luis", "estado": "SIN DATO", "clave_catastral": "SIN DATO", "numero_tramite": null, "OBJECTID": 599, "CODIGO": 0, "ORIG_FID": 0, "fuente_inf": "TRANFERENCIA DE DOMINIO", "valor_unid": 30.0, "unidad_are": "METROS CUADRADOS", "actualizad": "asamaniego", "fecha_actu": "2026/05/26 18:15:16.234" }, "geometry": { "type": "Point", "coordinates": [ -78.615544189059946, -1.693791164718638 ] } },
{ "type": "Feature", "properties": { "id_tramite": "600", "tipo_tramite": "TRANSFERENCIA DE DOMINIO", "fecha_ingreso": null, "fecha_ingreso_original": null, "calidad_fecha": "REVISAR", "plataforma": "C", "parroquia": "Riobamba", "estado": "SIN DATO", "clave_catastral": "SIN DATO", "numero_tramite": null, "OBJECTID": 600, "CODIGO": 0, "ORIG_FID": 0, "fuente_inf": "TRANFERENCIA DE DOMINIO", "valor_unid": 124.88, "unidad_are": "METROS CUADRADOS", "actualizad": "asamaniego", "fecha_actu": "2026/05/26 18:15:16.234" }, "geometry": { "type": "Point", "coordinates": [ -78.691555793824733, -1.63749768050462 ] } },
{ "type": "Feature", "properties": { "id_tramite": "601", "tipo_tramite": "TRANSFERENCIA DE DOMINIO", "fecha_ingreso": null, "fecha_ingreso_original": null, "calidad_fecha": "REVISAR", "plataforma": "SIN PLATAFORMA", "parroquia": "Licto", "estado": "SIN DATO", "clave_catastral": "SIN DATO", "numero_tramite": null, "OBJECTID": 601, "CODIGO": 0, "ORIG_FID": 0, "fuente_inf": null, "valor_unid": 5810.57, "unidad_are": "HECTAREAS", "actualizad": "jamilis", "fecha_actu": "2026/09/15 08:45:35.764" }, "geometry": { "type": "Point", "coordinates": [ -78.607607764923515, -1.810753785351123 ] } },
{ "type": "Feature", "properties": { "id_tramite": "602", "tipo_tramite": "TRANSFERENCIA DE DOMINIO", "fecha_ingreso": null, "fecha_ingreso_original": null, "calidad_fecha": "REVISAR", "plataforma": "J", "parroquia": "Riobamba", "estado": "SIN DATO", "clave_catastral": "SIN DATO", "numero_tramite": null, "OBJECTID": 602, "CODIGO": 0, "ORIG_FID": 0, "fuente_inf": "TRANFERENCIA DE DOMINIO", "valor_unid": 70.0, "unidad_are": "METROS CUADRADOS", "actualizad": "jamilis", "fecha_actu": "2026/09/15 08:45:35.764" }, "geometry": { "type": "Point", "coordinates": [ -78.662409104631422, -1.674616693978787 ] } },
{ "type": "Feature", "properties": { "id_tramite": "603", "tipo_tramite": "TRANSFERENCIA DE DOMINIO", "fecha_ingreso": null, "fecha_ingreso_original": null, "calidad_fecha": "REVISAR", "plataforma": "SIN PLATAFORMA", "parroquia": "Licto", "estado": "SIN DATO", "clave_catastral": "SIN DATO", "numero_tramite": null, "OBJECTID": 603, "CODIGO": 0, "ORIG_FID": 0, "fuente_inf": "TRANSFERENICIA DE DOMINIO", "valor_unid": 1.22, "unidad_are": "METROS CUADRADOS", "actualizad": "jamilis", "fecha_actu": "2026/09/15 08:47:40.867" }, "geometry": { "type": "Point", "coordinates": [ -78.602369317810954, -1.789120555594783 ] } }
]
}
